FECAPU,CUEAPU,CONAPU,IMPAPU,IMEAPU,D-HAPU,DEPAPU,Mes,Año,Franquiciado
2025-01-31,2811000,AMORTIZACION TRABAJOS DE ALBAÑILERÍA ACONDICIONA,131.74,131.74,H,5186,1,2025,243
2025-02-28,2811000,AMORTIZACION TRABAJOS DE ALBAÑILERÍA ACONDICIONA,118.99,118.99,H,5186,1,2025,243
2025-03-31,2811000,AMORTIZACION TRABAJOS DE ALBAÑILERÍA ACONDICIONA,131.74,131.74,H,5186,1,2025,243
2025-04-30,2811000,AMORTIZACION TRABAJOS DE ALBAÑILERÍA ACONDICIONA,127.49,127.49,H,5186,1,2025,243
2025-05-31,2811000,AMORTIZACION TRABAJOS DE ALBAÑILERÍA ACONDICIONA,131.74,131.74,H,5186,1,2025,243
2025-06-30,2811000,AMORTIZACION TRABAJOS DE ALBAÑILERÍA ACONDICIONA,127.49,127.49,H,5186,1,2025,243
2025-07-31,2811000,AMORTIZACION TRABAJOS DE ALBAÑILERÍA ACONDICIONA,131.74,131.74,H,5186,1,2025,243
2025-08-31,2811000,AMORTIZACION TRABAJOS DE ALBAÑILERÍA ACONDICIONA,131.74,131.74,H,5186,1,2025,243
2025-09-30,2811000,AMORTIZACION TRABAJOS DE ALBAÑILERÍA ACONDICIONA,127.49,127.49,H,5186,1,2025,243
2025-10-31,2811000,AMORTIZACION TRABAJOS DE ALBAÑILERÍA ACONDICIONA,131.74,131.74,H,5186,1,2025,243
2025-11-30,2811000,AMORTIZACION TRABAJOS DE ALBAÑILERÍA ACONDICIONA,127.49,127.49,H,5186,1,2025,243
2025-12-31,2811000,AMORTIZACION TRABAJOS DE ALBAÑILERÍA ACONDICIONA,131.71,131.71,H,5186,1,2025,243
2025-05-31,2812000,AMORTIZACION INSTALACION CLIMATIZACIÓN,67.12,67.12,H,5186,1,2025,243
2025-06-30,2812000,AMORTIZACION INSTALACION CLIMATIZACIÓN,64.95,64.95,H,5186,1,2025,243
2025-07-31,2812000,AMORTIZACION INSTALACION CLIMATIZACIÓN,67.12,67.12,H,5186,1,2025,243
2025-08-31,2812000,AMORTIZACION INSTALACION CLIMATIZACIÓN,67.12,67.12,H,5186,1,2025,243
2025-09-30,2812000,AMORTIZACION INSTALACION CLIMATIZACIÓN,64.95,64.95,H,5186,1,2025,243
2025-10-31,2812000,AMORTIZACION INSTALACION CLIMATIZACIÓN,67.12,67.12,H,5186,1,2025,243
2025-11-30,2812000,AMORTIZACION INSTALACION CLIMATIZACIÓN,64.95,64.95,H,5186,1,2025,243
2025-12-31,2812000,AMORTIZACION INSTALACION CLIMATIZACIÓN,67.11,67.11,H,5186,1,2025,243
2025-01-31,2812000,AMORTIZACION INSTALACIÓN CLIMATIZACION,29.8,29.8,H,5186,1,2025,243
2025-02-28,2812000,AMORTIZACION INSTALACIÓN CLIMATIZACION,26.92,26.92,H,5186,1,2025,243
2025-03-31,2812000,AMORTIZACION INSTALACIÓN CLIMATIZACION,29.8,29.8,H,5186,1,2025,243
2025-04-30,2812000,AMORTIZACION INSTALACIÓN CLIMATIZACION,28.84,28.84,H,5186,1,2025,243
2025-05-31,2812000,AMORTIZACION INSTALACIÓN CLIMATIZACION,29.8,29.8,H,5186,1,2025,243
2025-06-30,2812000,AMORTIZACION INSTALACIÓN CLIMATIZACION,28.84,28.84,H,5186,1,2025,243
2025-07-31,2812000,AMORTIZACION INSTALACIÓN CLIMATIZACION,29.8,29.8,H,5186,1,2025,243
2025-08-31,2812000,AMORTIZACION INSTALACIÓN CLIMATIZACION,29.8,29.8,H,5186,1,2025,243
2025-09-30,2812000,AMORTIZACION INSTALACIÓN CLIMATIZACION,28.84,28.84,H,5186,1,2025,243
2025-10-31,2812000,AMORTIZACION INSTALACIÓN CLIMATIZACION,29.8,29.8,H,5186,1,2025,243
2025-11-30,2812000,AMORTIZACION INSTALACIÓN CLIMATIZACION,28.84,28.84,H,5186,1,2025,243
2025-12-31,2812000,AMORTIZACION INSTALACIÓN CLIMATIZACION,29.79,29.79,H,5186,1,2025,243
2025-01-31,2812000,AMORTIZACION CERTIFICADO ACUSTICO PARA LICENCIA,5.74,5.74,H,5186,1,2025,243
2025-02-28,2812000,AMORTIZACION CERTIFICADO ACUSTICO PARA LICENCIA,5.18,5.18,H,5186,1,2025,243
2025-03-31,2812000,AMORTIZACION CERTIFICADO ACUSTICO PARA LICENCIA,5.74,5.74,H,5186,1,2025,243
2025-04-30,2812000,AMORTIZACION CERTIFICADO ACUSTICO PARA LICENCIA,5.55,5.55,H,5186,1,2025,243
2025-05-31,2812000,AMORTIZACION CERTIFICADO ACUSTICO PARA LICENCIA,5.74,5.74,H,5186,1,2025,243
2025-06-30,2812000,AMORTIZACION CERTIFICADO ACUSTICO PARA LICENCIA,5.55,5.55,H,5186,1,2025,243
2025-07-31,2812000,AMORTIZACION CERTIFICADO ACUSTICO PARA LICENCIA,5.74,5.74,H,5186,1,2025,243
2025-08-31,2812000,AMORTIZACION CERTIFICADO ACUSTICO PARA LICENCIA,5.74,5.74,H,5186,1,2025,243
2025-09-30,2812000,AMORTIZACION CERTIFICADO ACUSTICO PARA LICENCIA,5.55,5.55,H,5186,1,2025,243
2025-10-31,2812000,AMORTIZACION CERTIFICADO ACUSTICO PARA LICENCIA,5.74,5.74,H,5186,1,2025,243
2025-11-30,2812000,AMORTIZACION CERTIFICADO ACUSTICO PARA LICENCIA,5.55,5.55,H,5186,1,2025,243
2025-12-31,2812000,AMORTIZACION CERTIFICADO ACUSTICO PARA LICENCIA,5.75,5.75,H,5186,1,2025,243
2025-01-31,2812000,AMORTIZACION ATKITRINGO 3,9.56,9.56,H,5186,1,2025,243
2025-02-28,2812000,AMORTIZACION ATKITRINGO 3,8.64,8.64,H,5186,1,2025,243
2025-03-31,2812000,AMORTIZACION ATKITRINGO 3,9.56,9.56,H,5186,1,2025,243
2025-04-30,2812000,AMORTIZACION ATKITRINGO 3,9.26,9.26,H,5186,1,2025,243
2025-05-31,2812000,AMORTIZACION ATKITRINGO 3,9.56,9.56,H,5186,1,2025,243
2025-06-30,2812000,AMORTIZACION ATKITRINGO 3,9.26,9.26,H,5186,1,2025,243
2025-07-31,2812000,AMORTIZACION ATKITRINGO 3,9.56,9.56,H,5186,1,2025,243
2025-08-31,2812000,AMORTIZACION ATKITRINGO 3,9.56,9.56,H,5186,1,2025,243
2025-09-30,2812000,AMORTIZACION ATKITRINGO 3,9.26,9.26,H,5186,1,2025,243
2025-10-31,2812000,AMORTIZACION ATKITRINGO 3,9.56,9.56,H,5186,1,2025,243
2025-11-30,2812000,AMORTIZACION ATKITRINGO 3,9.26,9.26,H,5186,1,2025,243
2025-12-31,2812000,AMORTIZACION ATKITRINGO 3,9.57,9.57,H,5186,1,2025,243
2025-01-31,2812000,AMORTIZACION MOBILIARIO DE FRIO,105.3,105.3,H,5186,1,2025,243
2025-02-28,2812000,AMORTIZACION MOBILIARIO DE FRIO,95.11,95.11,H,5186,1,2025,243
2025-03-31,2812000,AMORTIZACION MOBILIARIO DE FRIO,105.3,105.3,H,5186,1,2025,243
2025-04-30,2812000,AMORTIZACION MOBILIARIO DE FRIO,101.9,101.9,H,5186,1,2025,243
2025-05-31,2812000,AMORTIZACION MOBILIARIO DE FRIO,105.3,105.3,H,5186,1,2025,243
2025-01-31,2812000,AMORTIZACION INSTALACIÓN ELÉCTRICA,33.26,33.26,H,5186,1,2025,243
2025-02-28,2812000,AMORTIZACION INSTALACIÓN ELÉCTRICA,30.04,30.04,H,5186,1,2025,243
2025-03-31,2812000,AMORTIZACION INSTALACIÓN ELÉCTRICA,33.26,33.26,H,5186,1,2025,243
2025-04-30,2812000,AMORTIZACION INSTALACIÓN ELÉCTRICA,32.18,32.18,H,5186,1,2025,243
2025-05-31,2812000,AMORTIZACION INSTALACIÓN ELÉCTRICA,33.26,33.26,H,5186,1,2025,243
2025-06-30,2812000,AMORTIZACION INSTALACIÓN ELÉCTRICA,32.18,32.18,H,5186,1,2025,243
2025-07-31,2812000,AMORTIZACION INSTALACIÓN ELÉCTRICA,33.26,33.26,H,5186,1,2025,243
2025-08-31,2812000,AMORTIZACION INSTALACIÓN ELÉCTRICA,33.26,33.26,H,5186,1,2025,243
2025-09-30,2812000,AMORTIZACION INSTALACIÓN ELÉCTRICA,32.18,32.18,H,5186,1,2025,243
2025-10-31,2812000,AMORTIZACION INSTALACIÓN ELÉCTRICA,33.26,33.26,H,5186,1,2025,243
2025-11-30,2812000,AMORTIZACION INSTALACIÓN ELÉCTRICA,32.18,32.18,H,5186,1,2025,243
2025-12-31,2812000,AMORTIZACION INSTALACIÓN ELÉCTRICA,33.26,33.26,H,5186,1,2025,243
2025-01-31,2812000,AMORTIZACION INSTALACIÓN ILUMINACIÓN,47.74,47.74,H,5186,1,2025,243
2025-02-28,2812000,AMORTIZACION INSTALACIÓN ILUMINACIÓN,43.12,43.12,H,5186,1,2025,243
2025-03-31,2812000,AMORTIZACION INSTALACIÓN ILUMINACIÓN,47.74,47.74,H,5186,1,2025,243
2025-04-30,2812000,AMORTIZACION INSTALACIÓN ILUMINACIÓN,46.2,46.2,H,5186,1,2025,243
2025-05-31,2812000,AMORTIZACION INSTALACIÓN ILUMINACIÓN,47.74,47.74,H,5186,1,2025,243
2025-06-30,2812000,AMORTIZACION INSTALACIÓN ILUMINACIÓN,46.2,46.2,H,5186,1,2025,243
2025-07-31,2812000,AMORTIZACION INSTALACIÓN ILUMINACIÓN,47.74,47.74,H,5186,1,2025,243
2025-08-31,2812000,AMORTIZACION INSTALACIÓN ILUMINACIÓN,47.74,47.74,H,5186,1,2025,243
2025-09-30,2812000,AMORTIZACION INSTALACIÓN ILUMINACIÓN,46.2,46.2,H,5186,1,2025,243
2025-10-31,2812000,AMORTIZACION INSTALACIÓN ILUMINACIÓN,47.74,47.74,H,5186,1,2025,243
2025-11-30,2812000,AMORTIZACION INSTALACIÓN ILUMINACIÓN,46.2,46.2,H,5186,1,2025,243
2025-12-31,2812000,AMORTIZACION INSTALACIÓN ILUMINACIÓN,47.69,47.69,H,5186,1,2025,243
2025-01-31,2812000,AMORTIZACION INSTALACIÓN ILUMINACIÓN,13.34,13.34,H,5186,1,2025,243
2025-02-28,2812000,AMORTIZACION INSTALACIÓN ILUMINACIÓN,12.05,12.05,H,5186,1,2025,243
2025-03-31,2812000,AMORTIZACION INSTALACIÓN ILUMINACIÓN,13.34,13.34,H,5186,1,2025,243
2025-04-30,2812000,AMORTIZACION INSTALACIÓN ILUMINACIÓN,12.91,12.91,H,5186,1,2025,243
2025-05-31,2812000,AMORTIZACION INSTALACIÓN ILUMINACIÓN,13.34,13.34,H,5186,1,2025,243
2025-06-30,2812000,AMORTIZACION INSTALACIÓN ILUMINACIÓN,12.91,12.91,H,5186,1,2025,243
2025-07-31,2812000,AMORTIZACION INSTALACIÓN ILUMINACIÓN,13.34,13.34,H,5186,1,2025,243
2025-08-31,2812000,AMORTIZACION INSTALACIÓN ILUMINACIÓN,13.34,13.34,H,5186,1,2025,243
2025-09-30,2812000,AMORTIZACION INSTALACIÓN ILUMINACIÓN,12.91,12.91,H,5186,1,2025,243
2025-10-31,2812000,AMORTIZACION INSTALACIÓN ILUMINACIÓN,13.34,13.34,H,5186,1,2025,243
2025-11-30,2812000,AMORTIZACION INSTALACIÓN ILUMINACIÓN,12.91,12.91,H,5186,1,2025,243
2025-12-31,2812000,AMORTIZACION INSTALACIÓN ILUMINACIÓN,13.39,13.39,H,5186,1,2025,243
2025-01-31,2812000,AMORTIZACION INSTALACIÓNES VARIAS,15.32,15.32,H,5186,1,2025,243
2025-02-28,2812000,AMORTIZACION INSTALACIÓNES VARIAS,13.84,13.84,H,5186,1,2025,243
2025-03-31,2812000,AMORTIZACION INSTALACIÓNES VARIAS,15.32,15.32,H,5186,1,2025,243
2025-04-30,2812000,AMORTIZACION INSTALACIÓNES VARIAS,14.82,14.82,H,5186,1,2025,243
2025-05-31,2812000,AMORTIZACION INSTALACIÓNES VARIAS,15.32,15.32,H,5186,1,2025,243
2025-06-30,2812000,AMORTIZACION INSTALACIÓNES VARIAS,14.82,14.82,H,5186,1,2025,243
2025-07-31,2812000,AMORTIZACION INSTALACIÓNES VARIAS,15.32,15.32,H,5186,1,2025,243
2025-08-31,2812000,AMORTIZACION INSTALACIÓNES VARIAS,15.32,15.32,H,5186,1,2025,243
2025-09-30,2812000,AMORTIZACION INSTALACIÓNES VARIAS,14.82,14.82,H,5186,1,2025,243
2025-10-31,2812000,AMORTIZACION INSTALACIÓNES VARIAS,15.32,15.32,H,5186,1,2025,243
2025-11-30,2812000,AMORTIZACION INSTALACIÓNES VARIAS,14.82,14.82,H,5186,1,2025,243
2025-12-31,2812000,AMORTIZACION INSTALACIÓNES VARIAS,15.32,15.32,H,5186,1,2025,243
2025-01-31,2812000,AMORTIZACION INSTALCION CLIMATIZACION,38.33,38.33,H,5186,1,2025,243
2025-02-28,2812000,AMORTIZACION INSTALCION CLIMATIZACION,34.62,34.62,H,5186,1,2025,243
2025-03-31,2812000,AMORTIZACION INSTALCION CLIMATIZACION,38.33,38.33,H,5186,1,2025,243
2025-04-30,2812000,AMORTIZACION INSTALCION CLIMATIZACION,37.09,37.09,H,5186,1,2025,243
2025-05-31,2812000,AMORTIZACION INSTALCION CLIMATIZACION,38.33,38.33,H,5186,1,2025,243
2025-06-30,2812000,AMORTIZACION INSTALCION CLIMATIZACION,37.09,37.09,H,5186,1,2025,243
2025-07-31,2812000,AMORTIZACION INSTALCION CLIMATIZACION,38.33,38.33,H,5186,1,2025,243
2025-08-31,2812000,AMORTIZACION INSTALCION CLIMATIZACION,38.33,38.33,H,5186,1,2025,243
2025-09-30,2812000,AMORTIZACION INSTALCION CLIMATIZACION,37.09,37.09,H,5186,1,2025,243
2025-10-31,2812000,AMORTIZACION INSTALCION CLIMATIZACION,38.33,38.33,H,5186,1,2025,243
2025-11-30,2812000,AMORTIZACION INSTALCION CLIMATIZACION,37.09,37.09,H,5186,1,2025,243
2025-12-31,2812000,AMORTIZACION INSTALCION CLIMATIZACION,38.35,38.35,H,5186,1,2025,243
2025-01-31,2812000,AMORTIZACION INSTALACION CLIMATIZACIÓN,67.12,67.12,H,5186,1,2025,243
2025-02-28,2812000,AMORTIZACION INSTALACION CLIMATIZACIÓN,60.62,60.62,H,5186,1,2025,243
2025-03-31,2812000,AMORTIZACION INSTALACION CLIMATIZACIÓN,67.12,67.12,H,5186,1,2025,243
2025-04-30,2812000,AMORTIZACION INSTALACION CLIMATIZACIÓN,64.95,64.95,H,5186,1,2025,243
2025-06-30,2812000,AMORTIZACION MOBILIARIO DE FRIO,101.9,101.9,H,5186,1,2025,243
2025-07-31,2812000,AMORTIZACION MOBILIARIO DE FRIO,105.3,105.3,H,5186,1,2025,243
2025-08-31,2812000,AMORTIZACION MOBILIARIO DE FRIO,105.3,105.3,H,5186,1,2025,243
2025-09-30,2812000,AMORTIZACION MOBILIARIO DE FRIO,101.9,101.9,H,5186,1,2025,243
2025-10-31,2812000,AMORTIZACION MOBILIARIO DE FRIO,105.3,105.3,H,5186,1,2025,243
2025-11-30,2812000,AMORTIZACION MOBILIARIO DE FRIO,101.9,101.9,H,5186,1,2025,243
2025-12-31,2812000,AMORTIZACION MOBILIARIO DE FRIO,105.26,105.26,H,5186,1,2025,243
2025-01-31,2812000,AMORTIZACION MOBILIARIO FRIO,17.55,17.55,H,5186,1,2025,243
2025-02-28,2812000,AMORTIZACION MOBILIARIO FRIO,15.85,15.85,H,5186,1,2025,243
2025-03-31,2812000,AMORTIZACION MOBILIARIO FRIO,17.55,17.55,H,5186,1,2025,243
2025-04-30,2812000,AMORTIZACION MOBILIARIO FRIO,16.98,16.98,H,5186,1,2025,243
2025-05-31,2812000,AMORTIZACION MOBILIARIO FRIO,17.55,17.55,H,5186,1,2025,243
2025-06-30,2812000,AMORTIZACION MOBILIARIO FRIO,16.98,16.98,H,5186,1,2025,243
2025-07-31,2812000,AMORTIZACION MOBILIARIO FRIO,17.55,17.55,H,5186,1,2025,243
2025-08-31,2812000,AMORTIZACION MOBILIARIO FRIO,17.55,17.55,H,5186,1,2025,243
2025-09-30,2812000,AMORTIZACION MOBILIARIO FRIO,16.98,16.98,H,5186,1,2025,243
2025-10-31,2812000,AMORTIZACION MOBILIARIO FRIO,17.55,17.55,H,5186,1,2025,243
2025-11-30,2812000,AMORTIZACION MOBILIARIO FRIO,16.98,16.98,H,5186,1,2025,243
2025-12-31,2812000,AMORTIZACION MOBILIARIO FRIO,17.54,17.54,H,5186,1,2025,243
2025-01-31,2816000,AMORTIZACION MOBILIZARIO FRIO,105.38,105.38,H,5186,1,2025,243
2025-02-28,2816000,AMORTIZACION MOBILIZARIO FRIO,95.18,95.18,H,5186,1,2025,243
2025-03-31,2816000,AMORTIZACION MOBILIZARIO FRIO,105.38,105.38,H,5186,1,2025,243
2025-04-30,2816000,AMORTIZACION MOBILIZARIO FRIO,101.98,101.98,H,5186,1,2025,243
2025-05-31,2816000,AMORTIZACION MOBILIZARIO FRIO,105.38,105.38,H,5186,1,2025,243
2025-06-30,2816000,AMORTIZACION MOBILIZARIO FRIO,101.98,101.98,H,5186,1,2025,243
2025-07-31,2816000,AMORTIZACION MOBILIZARIO FRIO,105.38,105.38,H,5186,1,2025,243
2025-08-31,2816000,AMORTIZACION MOBILIZARIO FRIO,105.38,105.38,H,5186,1,2025,243
2025-09-30,2816000,AMORTIZACION MOBILIZARIO FRIO,101.98,101.98,H,5186,1,2025,243
2025-10-31,2816000,AMORTIZACION MOBILIZARIO FRIO,105.38,105.38,H,5186,1,2025,243
2025-11-30,2816000,AMORTIZACION MOBILIZARIO FRIO,101.98,101.98,H,5186,1,2025,243
2025-12-31,2816000,AMORTIZACION MOBILIZARIO FRIO,105.37,105.37,H,5186,1,2025,243
2025-01-31,2816000,AMORTIZACION ELEMENTOS  MOBILIARIO MARKETING,35.9,35.9,H,5186,1,2025,243
2025-02-28,2816000,AMORTIZACION ELEMENTOS  MOBILIARIO MARKETING,32.43,32.43,H,5186,1,2025,243
2025-03-31,2816000,AMORTIZACION ELEMENTOS  MOBILIARIO MARKETING,35.9,35.9,H,5186,1,2025,243
2025-04-30,2816000,AMORTIZACION ELEMENTOS  MOBILIARIO MARKETING,34.75,34.75,H,5186,1,2025,243
2025-05-31,2816000,AMORTIZACION ELEMENTOS  MOBILIARIO MARKETING,35.9,35.9,H,5186,1,2025,243
2025-06-30,2816000,AMORTIZACION ELEMENTOS  MOBILIARIO MARKETING,34.75,34.75,H,5186,1,2025,243
2025-07-31,2816000,AMORTIZACION ELEMENTOS  MOBILIARIO MARKETING,35.9,35.9,H,5186,1,2025,243
2025-08-31,2816000,AMORTIZACION ELEMENTOS  MOBILIARIO MARKETING,35.9,35.9,H,5186,1,2025,243
2025-09-30,2816000,AMORTIZACION ELEMENTOS  MOBILIARIO MARKETING,34.75,34.75,H,5186,1,2025,243
2025-10-31,2816000,AMORTIZACION ELEMENTOS  MOBILIARIO MARKETING,35.9,35.9,H,5186,1,2025,243
2025-11-30,2816000,AMORTIZACION ELEMENTOS  MOBILIARIO MARKETING,34.75,34.75,H,5186,1,2025,243
2025-12-31,2816000,AMORTIZACION ELEMENTOS  MOBILIARIO MARKETING,35.92,35.92,H,5186,1,2025,243
2025-01-31,2816000,AMORTIZACION VITRINA ESTANTES E INSTALACION,58.85,58.85,H,5186,1,2025,243
2025-02-28,2816000,AMORTIZACION VITRINA ESTANTES E INSTALACION,53.16,53.16,H,5186,1,2025,243
2025-03-31,2816000,AMORTIZACION VITRINA ESTANTES E INSTALACION,58.85,58.85,H,5186,1,2025,243
2025-04-30,2816000,AMORTIZACION VITRINA ESTANTES E INSTALACION,56.95,56.95,H,5186,1,2025,243
2025-05-31,2816000,AMORTIZACION VITRINA ESTANTES E INSTALACION,58.85,58.85,H,5186,1,2025,243
2025-06-30,2816000,AMORTIZACION VITRINA ESTANTES E INSTALACION,56.95,56.95,H,5186,1,2025,243
2025-07-31,2816000,AMORTIZACION VITRINA ESTANTES E INSTALACION,58.85,58.85,H,5186,1,2025,243
2025-08-31,2816000,AMORTIZACION VITRINA ESTANTES E INSTALACION,58.85,58.85,H,5186,1,2025,243
2025-09-30,2816000,AMORTIZACION VITRINA ESTANTES E INSTALACION,56.95,56.95,H,5186,1,2025,243
2025-10-31,2816000,AMORTIZACION VITRINA ESTANTES E INSTALACION,58.85,58.85,H,5186,1,2025,243
2025-11-30,2816000,AMORTIZACION VITRINA ESTANTES E INSTALACION,56.95,56.95,H,5186,1,2025,243
2025-12-31,2816000,AMORTIZACION VITRINA ESTANTES E INSTALACION,58.88,58.88,H,5186,1,2025,243
2025-01-31,2817000,AMORTIZACION ELEMENTOS INFORMÁTICOS,323.67,323.67,H,5186,1,2025,243
2025-02-28,2817000,AMORTIZACION ELEMENTOS INFORMÁTICOS,292.35,292.35,H,5186,1,2025,243
2025-03-31,2817000,AMORTIZACION ELEMENTOS INFORMÁTICOS,323.67,323.67,H,5186,1,2025,243
2025-04-30,2817000,AMORTIZACION ELEMENTOS INFORMÁTICOS,313.23,313.23,H,5186,1,2025,243
2025-05-31,2817000,AMORTIZACION ELEMENTOS INFORMÁTICOS,177.51,177.51,H,5186,1,2025,243
2025-01-05,4000001,"CENTROS COMERCIALES CARREFOUR, SA:FU0961N250000636",-52.4,-52.4,H,5186,1,2025,243
2025-01-15,4000001,"CENTROS COMERCIALES CARREFOUR, SA:FU0961N250003273",15209.24,15209.24,H,5186,1,2025,243
2025-01-15,4000001,"CENTROS COMERCIALES CARREFOUR, SA:FU0961N250003274",4012.93,4012.93,H,5186,1,2025,243
2025-01-15,4000001,"CENTROS COMERCIALES CARREFOUR, SA:FU0961N250003275",-20.64,-20.64,H,5186,1,2025,243
2025-01-25,4000001,"CENTROS COMERCIALES CARREFOUR, SA:FU0961N250005867",3103.87,3103.87,H,5186,1,2025,243
2025-01-25,4000001,"CENTROS COMERCIALES CARREFOUR, SA:FU0961N250005868",11767.91,11767.91,H,5186,1,2025,243
2025-01-05,4000001,"CENTROS COMERCIALES CARREFOUR, SA:FU0961N250000635",9880.13,9880.13,H,5186,1,2025,243
2025-01-25,4000001,"CENTROS COMERCIALES CARREFOUR, SA:FU0961N250005869",6903.28,6903.28,H,5186,1,2025,243
2025-01-25,4000001,"CENTROS COMERCIALES CARREFOUR, SA:FU0961N250005870",-46.53,-46.53,H,5186,1,2025,243
2025-01-25,4000001,"CENTROS COMERCIALES CARREFOUR, SA:FU0961N250005871",-9.32,-9.32,H,5186,1,2025,243
2025-01-31,4000001,"CENTROS COMERCIALES CARREFOUR, SA:FU0961N250009545",4582.38,4582.38,H,5186,1,2025,243
2025-01-31,4000001,"CENTROS COMERCIALES CARREFOUR, SA:FU0961N250009546",15682.71,15682.71,H,5186,1,2025,243
2025-01-31,4000001,"CENTROS COMERCIALES CARREFOUR, SA:FU0961N250009547",-1.18,-1.18,H,5186,1,2025,243
2025-01-31,4000001,"CENTROS COMERCIALES CARREFOUR, SA:FU0961N250009548",-19.02,-19.02,H,5186,1,2025,243
2025-01-31,4000001,CANON LOGISTICO 01/2025 TDA 5489,1195.52,1195.52,H,5186,1,2025,243
2025-01-31,4000001,CANON CLUB CARREFOUR 01/2025 TDA 5489,181.5,181.5,H,5186,1,2025,243
2025-01-28,4000001,INCENTIVOS POR TASA DE INTEGRACION 12/2024 SEC 11,-3235.0,-3235.0,H,5186,1,2025,243
2025-01-29,4000001,RAPPEL MENSUAL 12/2024 SEC 10 TDA 5489 IVA REDUCID,-474.21,-474.21,H,5186,1,2025,243
2025-01-29,4000001,RAPPEL MENSUAL 12/2024 SEC 10 TDA 5489 IVA GENERAL,-763.08,-763.08,H,5186,1,2025,243
2025-01-29,4000001,RAPPEL MENSUAL 12/2024 SEC 10 TDA 5489 IVA 2%,-30.04,-30.04,H,5186,1,2025,243
2025-01-30,4000001,INCENTIVOS POR CORRECTA SEÑALIZACIÓN 12/2024 SEC 1,-413.06,-413.06,H,5186,1,2025,243
2025-01-30,4000001,INCENTIVO POR NO TENER ERRORES DE PRECIO 12/2024 S,-413.06,-413.06,H,5186,1,2025,243
2025-01-30,4000001,INCENTIVOS POR RESOLUCION LITIGIOS 12/2024 SEC 15,-413.08,-413.08,H,5186,1,2025,243
2025-01-30,4000001,INCENTIVOS POR NO TENER PRODUCTO CADUCADO 12/2024,-413.08,-413.08,H,5186,1,2025,243
2025-01-30,4000001,INCENTIVOS POR NO TENER STOCKS NEGATIVOS 12/2024 S,-413.08,-413.08,H,5186,1,2025,243
2025-01-31,4000001,INCENTIVO POR NO INTERPOSICION LITIGIOS 01/2025 SE,-177.3,-177.3,H,5186,1,2025,243
2025-01-23,4000001,CENTROS COMERCIALES  S. FRA:  INT ENERO,118.9,118.9,H,5186,1,2025,243
2025-01-03,4000001,CENTROS COMERCIALES  S. FRA:  0103000044,-9930.8,-9930.8,H,5186,1,2025,243
2025-01-05,4000002,"SOCIEDAD DE COMPRAS MODERNAS, SA:FU0965N250000326",857.85,857.85,H,5186,1,2025,243
2025-01-15,4000002,"SOCIEDAD DE COMPRAS MODERNAS, SA:FU0965N250001518",1528.63,1528.63,H,5186,1,2025,243
2025-01-15,4000002,"SOCIEDAD DE COMPRAS MODERNAS, SA:FU0965N250001519",549.95,549.95,H,5186,1,2025,243
2025-01-25,4000002,"SOCIEDAD DE COMPRAS MODERNAS, SA:FU0965N250002806",306.04,306.04,H,5186,1,2025,243
2025-01-25,4000002,"SOCIEDAD DE COMPRAS MODERNAS, SA:FU0965N250002807",1005.88,1005.88,H,5186,1,2025,243
2025-01-25,4000002,"SOCIEDAD DE COMPRAS MODERNAS, SA:FU0965N250002808",1121.03,1121.03,H,5186,1,2025,243
2025-01-31,4000002,"SOCIEDAD DE COMPRAS MODERNAS, SA:FU0965N250004448",1986.46,1986.46,H,5186,1,2025,243
2025-01-28,4000002,INCENTIVOS POR TASA DE INTEGRACION 12/2024 SEC 11,-324.15,-324.15,H,5186,1,2025,243
2025-01-29,4000002,RAPPEL OTROS FORMATO SEC 22 TDA 5489 IVA SUPERREDU,-17.0,-17.0,H,5186,1,2025,243
2025-01-30,4000002,INCENTIVOS POR CORRECTA SEÑALIZACIÓN 12/2024 SEC 2,-32.08,-32.08,H,5186,1,2025,243
2025-01-30,4000002,INCENTIVO POR NO TENER ERRORES DE PRECIO 12/2024 S,-32.08,-32.08,H,5186,1,2025,243
2025-01-30,4000002,INCENTIVOS POR RESOLUCION LITIGIOS 12/2024 SEC 22,-32.08,-32.08,H,5186,1,2025,243
2025-01-30,4000002,INCENTIVOS POR NO TENER PRODUCTO CADUCADO 12/2024,-32.08,-32.08,H,5186,1,2025,243
2025-01-30,4000002,INCENTIVOS POR NO TENER STOCKS NEGATIVOS 12/2024 S,-32.08,-32.08,H,5186,1,2025,243
2025-01-31,4000002,INCENTIVO POR NO INTERPOSICION LITIGIOS 01/2025 SE,-18.39,-18.39,H,5186,1,2025,243
2025-01-31,4000004,CANON DE ENSEÑA VARIABLE 01/2025 TDA 5489,2097.15,2097.15,H,5186,1,2025,243
2025-01-02,4101100,Tarjeta Regalo (multisociedad)                    02/01/2025,108.67,108.67,D,5186,1,2025,243
2025-01-03,4101100,Tarjeta Regalo (multisociedad)                    03/01/2025,119.06,119.06,D,5186,1,2025,243
2025-01-04,4101100,Tarjeta Regalo (multisociedad)                    04/01/2025,248.48,248.48,D,5186,1,2025,243
2025-01-05,4101100,Tarjeta Regalo (multisociedad)                    05/01/2025,60.77,60.77,D,5186,1,2025,243
2025-01-07,4101100,Tarjeta Regalo (multisociedad)                    07/01/2025,90.9,90.9,D,5186,1,2025,243
2025-01-09,4101100,Tarjeta Regalo (multisociedad)                    09/01/2025,228.71,228.71,D,5186,1,2025,243
2025-01-10,4101100,Tarjeta Regalo (multisociedad)                    10/01/2025,88.14,88.14,D,5186,1,2025,243
2025-01-11,4101100,Tarjeta Regalo (multisociedad)                    11/01/2025,159.64,159.64,D,5186,1,2025,243
2025-01-13,4101100,Tarjeta Regalo (multisociedad)                    13/01/2025,81.41,81.41,D,5186,1,2025,243
2025-01-18,4101100,Tarjeta Regalo (multisociedad)                    18/01/2025,285.64,285.64,D,5186,1,2025,243
2025-01-19,4101100,Tarjeta Regalo (multisociedad)                    19/01/2025,190.97,190.97,D,5186,1,2025,243
2025-01-20,4101100,Tarjeta Regalo (multisociedad)                    20/01/2025,84.13,84.13,D,5186,1,2025,243
2025-01-21,4101100,Tarjeta Regalo (multisociedad)                    21/01/2025,202.75,202.75,D,5186,1,2025,243
2025-01-22,4101100,Tarjeta Regalo (multisociedad)                    22/01/2025,147.93,147.93,D,5186,1,2025,243
2025-01-23,4101100,Tarjeta Regalo (multisociedad)                    23/01/2025,181.89,181.89,D,5186,1,2025,243
2025-01-24,4101100,Tarjeta Regalo (multisociedad)                    24/01/2025,205.27,205.27,D,5186,1,2025,243
2025-01-27,4101100,Tarjeta Regalo (multisociedad)                    27/01/2025,132.45,132.45,D,5186,1,2025,243
2025-01-28,4101100,Tarjeta Regalo (multisociedad)                    28/01/2025,80.07,80.07,D,5186,1,2025,243
2025-01-29,4101100,Tarjeta Regalo (multisociedad)                    29/01/2025,110.65,110.65,D,5186,1,2025,243
2025-01-30,4101100,Tarjeta Regalo (multisociedad)                    30/01/2025,110.79,110.79,D,5186,1,2025,243
2025-01-31,4101100,Tarjeta Regalo (multisociedad)                    31/01/2025,204.65,204.65,D,5186,1,2025,243
2025-01-02,4101102,VALES PUBLI.:FINANZAS/SEGUROS                     02/01/2025,9.81,9.81,D,5186,1,2025,243
2025-01-04,4101102,VALES PUBLI.:FINANZAS/SEGUROS                     04/01/2025,21.26,21.26,D,5186,1,2025,243
2025-01-05,4101102,VALES PUBLI.:FINANZAS/SEGUROS                     05/01/2025,3.63,3.63,D,5186,1,2025,243
2025-01-19,4101102,VALES PUBLI.:FINANZAS/SEGUROS                     19/01/2025,1.72,1.72,D,5186,1,2025,243
2025-01-20,4101102,VALES PUBLI.:FINANZAS/SEGUROS                     20/01/2025,8.2,8.2,D,5186,1,2025,243
2025-01-24,4101102,VALES PUBLI.:FINANZAS/SEGUROS                     24/01/2025,5.2,5.2,D,5186,1,2025,243
2025-01-31,4101102,VALES PUBLI.:FINANZAS/SEGUROS                     31/01/2025,0.52,0.52,D,5186,1,2025,243
2025-01-09,4101103,Cupones Club Carrefour                            09/01/2025,6.0,6.0,D,5186,1,2025,243
2025-01-20,4101103,Cupones Club Carrefour                            20/01/2025,14.64,14.64,D,5186,1,2025,243
2025-01-21,4101103,Cupones Club Carrefour                            21/01/2025,43.59,43.59,D,5186,1,2025,243
2025-01-22,4101103,Cupones Club Carrefour                            22/01/2025,195.85,195.85,D,5186,1,2025,243
2025-01-23,4101103,Cupones Club Carrefour                            23/01/2025,34.63,34.63,D,5186,1,2025,243
2025-01-24,4101103,Cupones Club Carrefour                            24/01/2025,113.12,113.12,D,5186,1,2025,243
2025-01-27,4101103,Cupones Club Carrefour                            27/01/2025,69.74,69.74,D,5186,1,2025,243
2025-01-28,4101103,Cupones Club Carrefour                            28/01/2025,43.8,43.8,D,5186,1,2025,243
2025-01-29,4101103,Cupones Club Carrefour                            29/01/2025,95.19,95.19,D,5186,1,2025,243
2025-01-30,4101103,Cupones Club Carrefour                            30/01/2025,89.53,89.53,D,5186,1,2025,243
2025-01-31,4101103,Cupones Club Carrefour                            31/01/2025,143.69,143.69,D,5186,1,2025,243
2025-01-23,4101103,CENTROS COMERCIALES  N. FRA:  0555300251,16.71,16.71,H,5186,1,2025,243
2025-01-22,4101103,CENTROS COMERCIALES  N. FRA:  0555300250,232.58,232.58,H,5186,1,2025,243
2025-01-21,4101103,CENTROS COMERCIALES  N. FRA:  0555300248,16.0,16.0,H,5186,1,2025,243
2025-01-09,4101103,CENTROS COMERCIALES  N. FRA:  0555300247,8.0,8.0,H,5186,1,2025,243
2025-01-09,4101103,CENTROS COMERCIALES  N. FRA:  0555300246,157.93,157.93,H,5186,1,2025,243
2025-01-03,4101103,CENTROS COMERCIALES  S. FRA:  0103000044,-9930.8,-9930.8,D,5186,1,2025,243
2025-01-23,4300001,CENTROS COMERCIALES  N. FRA:  0555300251,16.71,16.71,D,5186,1,2025,243
2025-01-22,4300001,CENTROS COMERCIALES  N. FRA:  0555300250,232.58,232.58,D,5186,1,2025,243
2025-01-21,4300001,CENTROS COMERCIALES  N. FRA:  0555300249,78.66,78.66,D,5186,1,2025,243
2025-01-21,4300001,CENTROS COMERCIALES  N. FRA:  0555300248,16.0,16.0,D,5186,1,2025,243
2025-01-09,4300001,CENTROS COMERCIALES  N. FRA:  0555300247,8.0,8.0,D,5186,1,2025,243
2025-01-09,4300001,CENTROS COMERCIALES  N. FRA:  0555300246,157.93,157.93,D,5186,1,2025,243
2025-01-04,4430001,Credito Financiera Carrefour                      04/01/2025,1.9,1.9,D,5186,1,2025,243
2025-01-09,4430001,Credito Financiera Carrefour                      09/01/2025,5.0,5.0,D,5186,1,2025,243
2025-01-22,4430001,Credito Financiera Carrefour                      22/01/2025,11.4,11.4,D,5186,1,2025,243
2025-01-28,4430001,Credito Financiera Carrefour                      28/01/2025,1.71,1.71,D,5186,1,2025,243
2025-01-30,4430001,Credito Financiera Carrefour                      30/01/2025,1.13,1.13,D,5186,1,2025,243
2025-01-02,4430002,TARJETAS PASS AUTOMATICAS                         02/01/2025,39.57,39.57,D,5186,1,2025,243
2025-01-03,4430002,TARJETAS PASS AUTOMATICAS                         03/01/2025,23.68,23.68,D,5186,1,2025,243
2025-01-04,4430002,TARJETAS PASS AUTOMATICAS                         04/01/2025,28.96,28.96,D,5186,1,2025,243
2025-01-05,4430002,TARJETAS PASS AUTOMATICAS                         05/01/2025,105.12,105.12,D,5186,1,2025,243
2025-01-07,4430002,TARJETAS PASS AUTOMATICAS                         07/01/2025,23.0,23.0,D,5186,1,2025,243
2025-01-09,4430002,TARJETAS PASS AUTOMATICAS                         09/01/2025,100.08,100.08,D,5186,1,2025,243
2025-01-10,4430002,TARJETAS PASS AUTOMATICAS                         10/01/2025,17.74,17.74,D,5186,1,2025,243
2025-01-11,4430002,TARJETAS PASS AUTOMATICAS                         11/01/2025,2.05,2.05,D,5186,1,2025,243
2025-01-13,4430002,TARJETAS PASS AUTOMATICAS                         13/01/2025,47.62,47.62,D,5186,1,2025,243
2025-01-18,4430002,TARJETAS PASS AUTOMATICAS                         18/01/2025,47.23,47.23,D,5186,1,2025,243
2025-01-19,4430002,TARJETAS PASS AUTOMATICAS                         19/01/2025,49.95,49.95,D,5186,1,2025,243
2025-01-20,4430002,TARJETAS PASS AUTOMATICAS                         20/01/2025,2.05,2.05,D,5186,1,2025,243
2025-01-21,4430002,TARJETAS PASS AUTOMATICAS                         21/01/2025,60.55,60.55,D,5186,1,2025,243
2025-01-22,4430002,TARJETAS PASS AUTOMATICAS                         22/01/2025,121.64,121.64,D,5186,1,2025,243
2025-01-23,4430002,TARJETAS PASS AUTOMATICAS                         23/01/2025,76.13,76.13,D,5186,1,2025,243
2025-01-24,4430002,TARJETAS PASS AUTOMATICAS                         24/01/2025,47.28,47.28,D,5186,1,2025,243
2025-01-27,4430002,TARJETAS PASS AUTOMATICAS                         27/01/2025,82.39,82.39,D,5186,1,2025,243
2025-01-28,4430002,TARJETAS PASS AUTOMATICAS                         28/01/2025,36.3,36.3,D,5186,1,2025,243
2025-01-29,4430002,TARJETAS PASS AUTOMATICAS                         29/01/2025,59.17,59.17,D,5186,1,2025,243
2025-01-30,4430002,TARJETAS PASS AUTOMATICAS                         30/01/2025,155.39,155.39,D,5186,1,2025,243
2025-01-31,4430002,TARJETAS PASS AUTOMATICAS                         31/01/2025,28.73,28.73,D,5186,1,2025,243
2025-01-05,4720000,CC CARREFOUR S.FRA.: IVAFU0961N250000636,-4.76,-4.76,D,5186,1,2025,243
2025-01-05,4720000,CC CARREFOUR S.FRA.: IVAFU0965N250000326,39.91,39.91,D,5186,1,2025,243
2025-01-15,4720000,CC CARREFOUR S.FRA.: IVAFU0961N250003273,1643.4,1643.4,D,5186,1,2025,243
2025-01-15,4720000,CC CARREFOUR S.FRA.: IVAFU0961N250003274,424.26,424.26,D,5186,1,2025,243
2025-01-15,4720000,CC CARREFOUR S.FRA.: IVAFU0961N250003275,-1.88,-1.88,D,5186,1,2025,243
2025-01-15,4720000,CC CARREFOUR S.FRA.: IVAFU0965N250001518,69.0,69.0,D,5186,1,2025,243
2025-01-15,4720000,CC CARREFOUR S.FRA.: IVAFU0965N250001519,26.88,26.88,D,5186,1,2025,243
2025-01-25,4720000,CC CARREFOUR S.FRA.: IVAFU0961N250005867,329.04,329.04,D,5186,1,2025,243
2025-01-25,4720000,CC CARREFOUR S.FRA.: IVAFU0961N250005868,1250.86,1250.86,D,5186,1,2025,243
2025-01-05,4720000,CC CARREFOUR S.FRA.: IVAFU0961N250000635,1120.55,1120.55,D,5186,1,2025,243
2025-01-25,4720000,CC CARREFOUR S.FRA.: IVAFU0961N250005869,644.8,644.8,D,5186,1,2025,243
2025-01-25,4720000,CC CARREFOUR S.FRA.: IVAFU0961N250005870,-4.23,-4.23,D,5186,1,2025,243
2025-01-25,4720000,CC CARREFOUR S.FRA.: IVAFU0961N250005871,-0.85,-0.85,D,5186,1,2025,243
2025-01-25,4720000,CC CARREFOUR S.FRA.: IVAFU0965N250002806,15.02,15.02,D,5186,1,2025,243
2025-01-25,4720000,CC CARREFOUR S.FRA.: IVAFU0965N250002807,45.79,45.79,D,5186,1,2025,243
2025-01-25,4720000,CC CARREFOUR S.FRA.: IVAFU0965N250002808,48.28,48.28,D,5186,1,2025,243
2025-01-31,4720000,CC CARREFOUR S.FRA.: IVAFU0961N250009545,560.81,560.81,D,5186,1,2025,243
2025-01-31,4720000,CC CARREFOUR S.FRA.: IVAFU0961N250009546,1481.65,1481.65,D,5186,1,2025,243
2025-01-31,4720000,CC CARREFOUR S.FRA.: IVAFU0961N250009547,-0.11,-0.11,D,5186,1,2025,243
2025-01-31,4720000,CC CARREFOUR S.FRA.: IVAFU0961N250009548,-1.73,-1.73,D,5186,1,2025,243
2025-01-31,4720000,CC CARREFOUR S.FRA.: IVAFU0965N250004448,88.2,88.2,D,5186,1,2025,243
2025-01-31,4720000,CANON DE ENSEÑA VARIABLE 01/2025 TDA 5489,363.97,363.97,D,5186,1,2025,243
2025-01-31,4720000,CANON LOGISTICO 01/2025 TDA 5489,207.49,207.49,D,5186,1,2025,243
2025-01-31,4720000,CANON CLUB CARREFOUR 01/2025 TDA 5489,31.5,31.5,D,5186,1,2025,243
2025-01-28,4720000,INCENTIVOS POR TASA DE INTEGRACION 12/2024 SEC 11,-7.2,-7.2,D,5186,1,2025,243
2025-01-28,4720000,INCENTIVOS POR TASA DE INTEGRACION 12/2024 SEC 11,-326.98,-326.98,D,5186,1,2025,243
2025-01-29,4720000,RAPPEL MENSUAL 12/2024 SEC 10 TDA 5489 IVA REDUCID,-43.12,-43.12,D,5186,1,2025,243
2025-01-29,4720000,RAPPEL MENSUAL 12/2024 SEC 10 TDA 5489 IVA GENERAL,-132.44,-132.44,D,5186,1,2025,243
2025-01-29,4720000,RAPPEL MENSUAL 12/2024 SEC 10 TDA 5489 IVA 2%,-0.58,-0.58,D,5186,1,2025,243
2025-01-29,4720000,RAPPEL OTROS FORMATO SEC 22 TDA 5489 IVA SUPERREDU,-0.65,-0.65,D,5186,1,2025,243
2025-01-30,4720000,INCENTIVOS POR CORRECTA SEÑALIZACIÓN 12/2024 SEC 1,-43.59,-43.59,D,5186,1,2025,243
2025-01-30,4720000,INCENTIVO POR NO TENER ERRORES DE PRECIO 12/2024 S,-43.59,-43.59,D,5186,1,2025,243
2025-01-30,4720000,INCENTIVOS POR RESOLUCION LITIGIOS 12/2024 SEC 15,-43.61,-43.61,D,5186,1,2025,243
2025-01-30,4720000,INCENTIVOS POR NO TENER PRODUCTO CADUCADO 12/2024,-43.61,-43.61,D,5186,1,2025,243
2025-01-30,4720000,INCENTIVOS POR NO TENER STOCKS NEGATIVOS 12/2024 S,-43.61,-43.61,D,5186,1,2025,243
2025-01-30,4720000,INCENTIVOS POR CORRECTA SEÑALIZACIÓN 12/2024 SEC 2,-0.78,-0.78,D,5186,1,2025,243
2025-01-30,4720000,INCENTIVO POR NO TENER ERRORES DE PRECIO 12/2024 S,-0.78,-0.78,D,5186,1,2025,243
2025-01-30,4720000,INCENTIVOS POR RESOLUCION LITIGIOS 12/2024 SEC 22,-0.78,-0.78,D,5186,1,2025,243
2025-01-30,4720000,INCENTIVOS POR NO TENER PRODUCTO CADUCADO 12/2024,-0.78,-0.78,D,5186,1,2025,243
2025-01-30,4720000,INCENTIVOS POR NO TENER STOCKS NEGATIVOS 12/2024 S,-0.78,-0.78,D,5186,1,2025,243
2025-01-31,4720000,INCENTIVO POR NO INTERPOSICION LITIGIOS 01/2025 SE,-18.43,-18.43,D,5186,1,2025,243
2025-01-31,4720000,INCENTIVO POR NO INTERPOSICION LITIGIOS 01/2025 SE,-0.84,-0.84,D,5186,1,2025,243
2025-01-31,4770000,FAST FOOD FACTORY ARENA SL VENTA MES 1,10250.4,10250.4,H,5186,1,2025,243
2025-01-21,4770000,CENTROS COMERCIALES  N. FRA:  0555300249,13.65,13.65,H,5186,1,2025,243
2025-01-31,4850001,FAST FOOD FACTORY ARENA SL VENTA MES 1,103399.66,103399.66,D,5186,1,2025,243
2025-01-01,4850001,ASIENTO VENTA DIA FAST FOOD FACTORY ARENA SL 01/01/2025,6177.88,6177.88,H,5186,1,2025,243
2025-01-02,4850001,ASIENTO VENTA DIA FAST FOOD FACTORY ARENA SL 02/01/2025,1775.62,1775.62,H,5186,1,2025,243
2025-01-03,4850001,ASIENTO VENTA DIA FAST FOOD FACTORY ARENA SL 03/01/2025,1608.96,1608.96,H,5186,1,2025,243
2025-01-04,4850001,ASIENTO VENTA DIA FAST FOOD FACTORY ARENA SL 04/01/2025,2323.11,2323.11,H,5186,1,2025,243
2025-01-05,4850001,ASIENTO VENTA DIA FAST FOOD FACTORY ARENA SL 05/01/2025,6345.06,6345.06,H,5186,1,2025,243
2025-01-06,4850001,ASIENTO VENTA DIA FAST FOOD FACTORY ARENA SL 06/01/2025,8499.29,8499.29,H,5186,1,2025,243
2025-01-07,4850001,ASIENTO VENTA DIA FAST FOOD FACTORY ARENA SL 07/01/2025,2318.44,2318.44,H,5186,1,2025,243
2025-01-08,4850001,ASIENTO VENTA DIA FAST FOOD FACTORY ARENA SL 08/01/2025,1942.37,1942.37,H,5186,1,2025,243
2025-01-09,4850001,ASIENTO VENTA DIA FAST FOOD FACTORY ARENA SL 09/01/2025,2183.49,2183.49,H,5186,1,2025,243
2025-01-10,4850001,ASIENTO VENTA DIA FAST FOOD FACTORY ARENA SL 10/01/2025,1984.33,1984.33,H,5186,1,2025,243
2025-01-11,4850001,ASIENTO VENTA DIA FAST FOOD FACTORY ARENA SL 11/01/2025,2200.53,2200.53,H,5186,1,2025,243
2025-01-12,4850001,ASIENTO VENTA DIA FAST FOOD FACTORY ARENA SL 12/01/2025,6318.2,6318.2,H,5186,1,2025,243
2025-01-13,4850001,ASIENTO VENTA DIA FAST FOOD FACTORY ARENA SL 13/01/2025,2589.37,2589.37,H,5186,1,2025,243
2025-01-14,4850001,ASIENTO VENTA DIA FAST FOOD FACTORY ARENA SL 14/01/2025,1763.07,1763.07,H,5186,1,2025,243
2025-01-15,4850001,ASIENTO VENTA DIA FAST FOOD FACTORY ARENA SL 15/01/2025,2292.13,2292.13,H,5186,1,2025,243
2025-01-16,4850001,ASIENTO VENTA DIA FAST FOOD FACTORY ARENA SL 16/01/2025,1962.79,1962.79,H,5186,1,2025,243
2025-01-17,4850001,ASIENTO VENTA DIA FAST FOOD FACTORY ARENA SL 17/01/2025,2199.33,2199.33,H,5186,1,2025,243
2025-01-18,4850001,ASIENTO VENTA DIA FAST FOOD FACTORY ARENA SL 18/01/2025,2446.38,2446.38,H,5186,1,2025,243
2025-01-19,4850001,ASIENTO VENTA DIA FAST FOOD FACTORY ARENA SL 19/01/2025,6964.9,6964.9,H,5186,1,2025,243
2025-01-20,4850001,ASIENTO VENTA DIA FAST FOOD FACTORY ARENA SL 20/01/2025,2464.77,2464.77,H,5186,1,2025,243
2025-01-21,4850001,ASIENTO VENTA DIA FAST FOOD FACTORY ARENA SL 21/01/2025,2255.59,2255.59,H,5186,1,2025,243
2025-01-22,4850001,ASIENTO VENTA DIA FAST FOOD FACTORY ARENA SL 22/01/2025,8413.87,8413.87,H,5186,1,2025,243
2025-01-23,4850001,ASIENTO VENTA DIA FAST FOOD FACTORY ARENA SL 23/01/2025,2305.31,2305.31,H,5186,1,2025,243
2025-01-24,4850001,ASIENTO VENTA DIA FAST FOOD FACTORY ARENA SL 24/01/2025,2389.17,2389.17,H,5186,1,2025,243
2025-01-25,4850001,ASIENTO VENTA DIA FAST FOOD FACTORY ARENA SL 25/01/2025,2318.71,2318.71,H,5186,1,2025,243
2025-01-26,4850001,ASIENTO VENTA DIA FAST FOOD FACTORY ARENA SL 26/01/2025,7920.4,7920.4,H,5186,1,2025,243
2025-01-27,4850001,ASIENTO VENTA DIA FAST FOOD FACTORY ARENA SL 27/01/2025,2334.33,2334.33,H,5186,1,2025,243
2025-01-28,4850001,ASIENTO VENTA DIA FAST FOOD FACTORY ARENA SL 28/01/2025,2136.95,2136.95,H,5186,1,2025,243
2025-01-29,4850001,ASIENTO VENTA DIA FAST FOOD FACTORY ARENA SL 29/01/2025,2060.12,2060.12,H,5186,1,2025,243
2025-01-30,4850001,ASIENTO VENTA DIA FAST FOOD FACTORY ARENA SL 30/01/2025,2507.26,2507.26,H,5186,1,2025,243
2025-01-31,4850001,ASIENTO VENTA DIA FAST FOOD FACTORY ARENA SL 31/01/2025,2397.93,2397.93,H,5186,1,2025,243
2025-01-31,4850002,FAST FOOD FACTORY ARENA SL VENTA MES 1,105.89,105.89,H,5186,1,2025,243
2025-01-05,4850002,ASIENTO VENTA DIA FAST FOOD FACTORY ARENA SL 05/01/2025,2.79,2.79,D,5186,1,2025,243
2025-01-06,4850002,ASIENTO VENTA DIA FAST FOOD FACTORY ARENA SL 06/01/2025,13.88,13.88,D,5186,1,2025,243
2025-01-09,4850002,ASIENTO VENTA DIA FAST FOOD FACTORY ARENA SL 09/01/2025,0.15,0.15,D,5186,1,2025,243
2025-01-10,4850002,ASIENTO VENTA DIA FAST FOOD FACTORY ARENA SL 10/01/2025,1.54,1.54,D,5186,1,2025,243
2025-01-11,4850002,ASIENTO VENTA DIA FAST FOOD FACTORY ARENA SL 11/01/2025,1.29,1.29,D,5186,1,2025,243
2025-01-12,4850002,ASIENTO VENTA DIA FAST FOOD FACTORY ARENA SL 12/01/2025,28.29,28.29,D,5186,1,2025,243
2025-01-14,4850002,ASIENTO VENTA DIA FAST FOOD FACTORY ARENA SL 14/01/2025,5.45,5.45,D,5186,1,2025,243
2025-01-15,4850002,ASIENTO VENTA DIA FAST FOOD FACTORY ARENA SL 15/01/2025,7.8,7.8,D,5186,1,2025,243
2025-01-16,4850002,ASIENTO VENTA DIA FAST FOOD FACTORY ARENA SL 16/01/2025,3.84,3.84,D,5186,1,2025,243
2025-01-17,4850002,ASIENTO VENTA DIA FAST FOOD FACTORY ARENA SL 17/01/2025,1.5,1.5,D,5186,1,2025,243
2025-01-18,4850002,ASIENTO VENTA DIA FAST FOOD FACTORY ARENA SL 18/01/2025,6.5,6.5,D,5186,1,2025,243
2025-01-20,4850002,ASIENTO VENTA DIA FAST FOOD FACTORY ARENA SL 20/01/2025,4.58,4.58,D,5186,1,2025,243
2025-01-21,4850002,ASIENTO VENTA DIA FAST FOOD FACTORY ARENA SL 21/01/2025,1.6,1.6,D,5186,1,2025,243
2025-01-22,4850002,ASIENTO VENTA DIA FAST FOOD FACTORY ARENA SL 22/01/2025,13.01,13.01,D,5186,1,2025,243
2025-01-25,4850002,ASIENTO VENTA DIA FAST FOOD FACTORY ARENA SL 25/01/2025,1.09,1.09,D,5186,1,2025,243
2025-01-26,4850002,ASIENTO VENTA DIA FAST FOOD FACTORY ARENA SL 26/01/2025,7.69,7.69,D,5186,1,2025,243
2025-01-27,4850002,ASIENTO VENTA DIA FAST FOOD FACTORY ARENA SL 27/01/2025,3.65,3.65,D,5186,1,2025,243
2025-01-29,4850002,ASIENTO VENTA DIA FAST FOOD FACTORY ARENA SL 29/01/2025,1.24,1.24,D,5186,1,2025,243
2025-01-01,5700200,ASIENTO VENTA DIA FAST FOOD FACTORY ARENA SL 01/01/2025,6177.88,6177.88,D,5186,1,2025,243
2025-01-02,5700200,ASIENTO VENTA DIA FAST FOOD FACTORY ARENA SL 02/01/2025,1775.62,1775.62,D,5186,1,2025,243
2025-01-03,5700200,ASIENTO VENTA DIA FAST FOOD FACTORY ARENA SL 03/01/2025,1608.96,1608.96,D,5186,1,2025,243
2025-01-04,5700200,ASIENTO VENTA DIA FAST FOOD FACTORY ARENA SL 04/01/2025,2323.11,2323.11,D,5186,1,2025,243
2025-01-05,5700200,ASIENTO VENTA DIA FAST FOOD FACTORY ARENA SL 05/01/2025,6342.27,6342.27,D,5186,1,2025,243
2025-01-06,5700200,ASIENTO VENTA DIA FAST FOOD FACTORY ARENA SL 06/01/2025,8485.41,8485.41,D,5186,1,2025,243
2025-01-07,5700200,ASIENTO VENTA DIA FAST FOOD FACTORY ARENA SL 07/01/2025,2318.44,2318.44,D,5186,1,2025,243
2025-01-08,5700200,ASIENTO VENTA DIA FAST FOOD FACTORY ARENA SL 08/01/2025,1942.37,1942.37,D,5186,1,2025,243
2025-01-09,5700200,ASIENTO VENTA DIA FAST FOOD FACTORY ARENA SL 09/01/2025,2183.34,2183.34,D,5186,1,2025,243
2025-01-10,5700200,ASIENTO VENTA DIA FAST FOOD FACTORY ARENA SL 10/01/2025,1982.79,1982.79,D,5186,1,2025,243
2025-01-11,5700200,ASIENTO VENTA DIA FAST FOOD FACTORY ARENA SL 11/01/2025,2199.24,2199.24,D,5186,1,2025,243
2025-01-12,5700200,ASIENTO VENTA DIA FAST FOOD FACTORY ARENA SL 12/01/2025,6289.91,6289.91,D,5186,1,2025,243
2025-01-13,5700200,ASIENTO VENTA DIA FAST FOOD FACTORY ARENA SL 13/01/2025,2589.37,2589.37,D,5186,1,2025,243
2025-01-14,5700200,ASIENTO VENTA DIA FAST FOOD FACTORY ARENA SL 14/01/2025,1757.62,1757.62,D,5186,1,2025,243
2025-01-15,5700200,ASIENTO VENTA DIA FAST FOOD FACTORY ARENA SL 15/01/2025,2284.33,2284.33,D,5186,1,2025,243
2025-01-16,5700200,ASIENTO VENTA DIA FAST FOOD FACTORY ARENA SL 16/01/2025,1958.95,1958.95,D,5186,1,2025,243
2025-01-17,5700200,ASIENTO VENTA DIA FAST FOOD FACTORY ARENA SL 17/01/2025,2197.83,2197.83,D,5186,1,2025,243
2025-01-18,5700200,ASIENTO VENTA DIA FAST FOOD FACTORY ARENA SL 18/01/2025,2439.88,2439.88,D,5186,1,2025,243
2025-01-19,5700200,ASIENTO VENTA DIA FAST FOOD FACTORY ARENA SL 19/01/2025,6964.9,6964.9,D,5186,1,2025,243
2025-01-20,5700200,ASIENTO VENTA DIA FAST FOOD FACTORY ARENA SL 20/01/2025,2460.19,2460.19,D,5186,1,2025,243
2025-01-21,5700200,ASIENTO VENTA DIA FAST FOOD FACTORY ARENA SL 21/01/2025,2253.99,2253.99,D,5186,1,2025,243
2025-01-22,5700200,ASIENTO VENTA DIA FAST FOOD FACTORY ARENA SL 22/01/2025,8400.86,8400.86,D,5186,1,2025,243
2025-01-23,5700200,ASIENTO VENTA DIA FAST FOOD FACTORY ARENA SL 23/01/2025,2305.31,2305.31,D,5186,1,2025,243
2025-01-24,5700200,ASIENTO VENTA DIA FAST FOOD FACTORY ARENA SL 24/01/2025,2389.17,2389.17,D,5186,1,2025,243
2025-01-25,5700200,ASIENTO VENTA DIA FAST FOOD FACTORY ARENA SL 25/01/2025,2317.62,2317.62,D,5186,1,2025,243
2025-01-26,5700200,ASIENTO VENTA DIA FAST FOOD FACTORY ARENA SL 26/01/2025,7912.71,7912.71,D,5186,1,2025,243
2025-01-27,5700200,ASIENTO VENTA DIA FAST FOOD FACTORY ARENA SL 27/01/2025,2330.68,2330.68,D,5186,1,2025,243
2025-01-28,5700200,ASIENTO VENTA DIA FAST FOOD FACTORY ARENA SL 28/01/2025,2136.95,2136.95,D,5186,1,2025,243
2025-01-29,5700200,ASIENTO VENTA DIA FAST FOOD FACTORY ARENA SL 29/01/2025,2058.88,2058.88,D,5186,1,2025,243
2025-01-30,5700200,ASIENTO VENTA DIA FAST FOOD FACTORY ARENA SL 30/01/2025,2507.26,2507.26,D,5186,1,2025,243
2025-01-31,5700200,ASIENTO VENTA DIA FAST FOOD FACTORY ARENA SL 31/01/2025,2397.93,2397.93,D,5186,1,2025,243
2025-01-02,5700200,Venta dia 02/01/2025FAST FOOD FACTORY ARENA SL,1775.62,1775.62,H,5186,1,2025,243
2025-01-03,5700200,Venta dia 03/01/2025FAST FOOD FACTORY ARENA SL,1608.96,1608.96,H,5186,1,2025,243
2025-01-04,5700200,Venta dia 04/01/2025FAST FOOD FACTORY ARENA SL,2323.11,2323.11,H,5186,1,2025,243
2025-01-05,5700200,Venta dia 05/01/2025FAST FOOD FACTORY ARENA SL,6342.27,6342.27,H,5186,1,2025,243
2025-01-07,5700200,Venta dia 07/01/2025FAST FOOD FACTORY ARENA SL,2318.44,2318.44,H,5186,1,2025,243
2025-01-09,5700200,Venta dia 09/01/2025FAST FOOD FACTORY ARENA SL,2183.34,2183.34,H,5186,1,2025,243
2025-01-10,5700200,Venta dia 10/01/2025FAST FOOD FACTORY ARENA SL,1982.79,1982.79,H,5186,1,2025,243
2025-01-11,5700200,Venta dia 11/01/2025FAST FOOD FACTORY ARENA SL,2199.24,2199.24,H,5186,1,2025,243
2025-01-13,5700200,Venta dia 13/01/2025FAST FOOD FACTORY ARENA SL,2589.37,2589.37,H,5186,1,2025,243
2025-01-18,5700200,Venta dia 18/01/2025FAST FOOD FACTORY ARENA SL,2439.88,2439.88,H,5186,1,2025,243
2025-01-19,5700200,Venta dia 19/01/2025FAST FOOD FACTORY ARENA SL,6964.9,6964.9,H,5186,1,2025,243
2025-01-20,5700200,Venta dia 20/01/2025FAST FOOD FACTORY ARENA SL,2460.19,2460.19,H,5186,1,2025,243
2025-01-21,5700200,Venta dia 21/01/2025FAST FOOD FACTORY ARENA SL,2253.99,2253.99,H,5186,1,2025,243
2025-01-22,5700200,Venta dia 22/01/2025FAST FOOD FACTORY ARENA SL,8400.86,8400.86,H,5186,1,2025,243
2025-01-23,5700200,Venta dia 23/01/2025FAST FOOD FACTORY ARENA SL,2305.31,2305.31,H,5186,1,2025,243
2025-01-24,5700200,Venta dia 24/01/2025FAST FOOD FACTORY ARENA SL,2389.17,2389.17,H,5186,1,2025,243
2025-01-27,5700200,Venta dia 27/01/2025FAST FOOD FACTORY ARENA SL,2330.68,2330.68,H,5186,1,2025,243
2025-01-28,5700200,Venta dia 28/01/2025FAST FOOD FACTORY ARENA SL,2136.95,2136.95,H,5186,1,2025,243
2025-01-29,5700200,Venta dia 29/01/2025FAST FOOD FACTORY ARENA SL,2058.88,2058.88,H,5186,1,2025,243
2025-01-30,5700200,Venta dia 30/01/2025FAST FOOD FACTORY ARENA SL,2507.26,2507.26,H,5186,1,2025,243
2025-01-31,5700200,Venta dia 31/01/2025FAST FOOD FACTORY ARENA SL,2397.93,2397.93,H,5186,1,2025,243
2025-01-02,5790570,Venta/Anticipo de Clientes                              02/0,666.4,666.4,D,5186,1,2025,243
2025-01-03,5790570,Venta/Anticipo de Clientes                              03/0,525.33,525.33,D,5186,1,2025,243
2025-01-04,5790570,Venta/Anticipo de Clientes                              04/0,663.49,663.49,D,5186,1,2025,243
2025-01-05,5790570,Venta/Anticipo de Clientes                              05/0,1854.1,1854.1,D,5186,1,2025,243
2025-01-07,5790570,Venta/Anticipo de Clientes                              07/0,806.62,806.62,D,5186,1,2025,243
2025-01-09,5790570,Venta/Anticipo de Clientes                              09/0,770.18,770.18,D,5186,1,2025,243
2025-01-10,5790570,Venta/Anticipo de Clientes                              10/0,579.7,579.7,D,5186,1,2025,243
2025-01-11,5790570,Venta/Anticipo de Clientes                              11/0,732.98,732.98,D,5186,1,2025,243
2025-01-13,5790570,Venta/Anticipo de Clientes                              13/0,830.07,830.07,D,5186,1,2025,243
2025-01-18,5790570,Venta/Anticipo de Clientes                              18/0,810.25,810.25,D,5186,1,2025,243
2025-01-19,5790570,Venta/Anticipo de Clientes                              19/0,1827.73,1827.73,D,5186,1,2025,243
2025-01-20,5790570,Venta/Anticipo de Clientes                              20/0,851.33,851.33,D,5186,1,2025,243
2025-01-21,5790570,Venta/Anticipo de Clientes                              21/0,886.82,886.82,D,5186,1,2025,243
2025-01-22,5790570,Venta/Anticipo de Clientes                              22/0,2306.65,2306.65,D,5186,1,2025,243
2025-01-23,5790570,Venta/Anticipo de Clientes                              23/0,781.89,781.89,D,5186,1,2025,243
2025-01-24,5790570,Venta/Anticipo de Clientes                              24/0,749.92,749.92,D,5186,1,2025,243
2025-01-27,5790570,Venta/Anticipo de Clientes                              27/0,741.69,741.69,D,5186,1,2025,243
2025-01-28,5790570,Venta/Anticipo de Clientes                              28/0,815.6,815.6,D,5186,1,2025,243
2025-01-29,5790570,Venta/Anticipo de Clientes                              29/0,685.53,685.53,D,5186,1,2025,243
2025-01-30,5790570,Venta/Anticipo de Clientes                              30/0,832.91,832.91,D,5186,1,2025,243
2025-01-31,5790570,Venta/Anticipo de Clientes                              31/0,732.05,732.05,D,5186,1,2025,243
2025-01-02,5790572,Tarjetas02/01/2025FAST FOOD FACTORY ARENA SL,952.93,952.93,D,5186,1,2025,243
2025-01-03,5790572,Tarjetas03/01/2025FAST FOOD FACTORY ARENA SL,934.69,934.69,D,5186,1,2025,243
2025-01-04,5790572,Tarjetas04/01/2025FAST FOOD FACTORY ARENA SL,1367.55,1367.55,D,5186,1,2025,243
2025-01-05,5790572,Tarjetas05/01/2025FAST FOOD FACTORY ARENA SL,4311.01,4311.01,D,5186,1,2025,243
2025-01-07,5790572,Tarjetas07/01/2025FAST FOOD FACTORY ARENA SL,1402.85,1402.85,D,5186,1,2025,243
2025-01-09,5790572,Tarjetas09/01/2025FAST FOOD FACTORY ARENA SL,1075.05,1075.05,D,5186,1,2025,243
2025-01-10,5790572,Tarjetas10/01/2025FAST FOOD FACTORY ARENA SL,1297.85,1297.85,D,5186,1,2025,243
2025-01-11,5790572,Tarjetas11/01/2025FAST FOOD FACTORY ARENA SL,1305.75,1305.75,D,5186,1,2025,243
2025-01-13,5790572,Tarjetas13/01/2025FAST FOOD FACTORY ARENA SL,1628.62,1628.62,D,5186,1,2025,243
2025-01-18,5790572,Tarjetas18/01/2025FAST FOOD FACTORY ARENA SL,1297.07,1297.07,D,5186,1,2025,243
2025-01-19,5790572,Tarjetas19/01/2025FAST FOOD FACTORY ARENA SL,4897.24,4897.24,D,5186,1,2025,243
2025-01-20,5790572,Tarjetas20/01/2025FAST FOOD FACTORY ARENA SL,1505.05,1505.05,D,5186,1,2025,243
2025-01-21,5790572,Tarjetas21/01/2025FAST FOOD FACTORY ARENA SL,1060.35,1060.35,D,5186,1,2025,243
2025-01-22,5790572,Tarjetas22/01/2025FAST FOOD FACTORY ARENA SL,5625.13,5625.13,D,5186,1,2025,243
2025-01-23,5790572,Tarjetas23/01/2025FAST FOOD FACTORY ARENA SL,1231.77,1231.77,D,5186,1,2025,243
2025-01-24,5790572,Tarjetas24/01/2025FAST FOOD FACTORY ARENA SL,1268.85,1268.85,D,5186,1,2025,243
2025-01-27,5790572,Tarjetas27/01/2025FAST FOOD FACTORY ARENA SL,1311.96,1311.96,D,5186,1,2025,243
2025-01-28,5790572,Tarjetas28/01/2025FAST FOOD FACTORY ARENA SL,1158.73,1158.73,D,5186,1,2025,243
2025-01-29,5790572,Tarjetas29/01/2025FAST FOOD FACTORY ARENA SL,1107.54,1107.54,D,5186,1,2025,243
2025-01-30,5790572,Tarjetas30/01/2025FAST FOOD FACTORY ARENA SL,1320.0,1320.0,D,5186,1,2025,243
2025-01-31,5790572,Tarjetas31/01/2025FAST FOOD FACTORY ARENA SL,1287.77,1287.77,D,5186,1,2025,243
2025-01-15,6000010,"CENTROS COMERCIALES CARREFOUR, SA:FU0961N250003273",4262.87,4262.87,D,5186,1,2025,243
2025-01-15,6000010,"CENTROS COMERCIALES CARREFOUR, SA:FU0961N250003274",682.16,682.16,D,5186,1,2025,243
2025-01-25,6000010,"CENTROS COMERCIALES CARREFOUR, SA:FU0961N250005867",619.36,619.36,D,5186,1,2025,243
2025-01-25,6000010,"CENTROS COMERCIALES CARREFOUR, SA:FU0961N250005868",1985.22,1985.22,D,5186,1,2025,243
2025-01-05,6000010,"CENTROS COMERCIALES CARREFOUR, SA:FU0961N250000635",3104.48,3104.48,D,5186,1,2025,243
2025-01-25,6000010,"CENTROS COMERCIALES CARREFOUR, SA:FU0961N250005869",452.68,452.68,D,5186,1,2025,243
2025-01-31,6000010,"CENTROS COMERCIALES CARREFOUR, SA:FU0961N250009545",1517.86,1517.86,D,5186,1,2025,243
2025-01-31,6000010,"CENTROS COMERCIALES CARREFOUR, SA:FU0961N250009546",2368.04,2368.04,D,5186,1,2025,243
2025-01-15,6000011,"CENTROS COMERCIALES CARREFOUR, SA:FU0961N250003273",640.61,640.61,D,5186,1,2025,243
2025-01-15,6000011,"CENTROS COMERCIALES CARREFOUR, SA:FU0961N250003274",123.82,123.82,D,5186,1,2025,243
2025-01-25,6000011,"CENTROS COMERCIALES CARREFOUR, SA:FU0961N250005867",221.63,221.63,D,5186,1,2025,243
2025-01-25,6000011,"CENTROS COMERCIALES CARREFOUR, SA:FU0961N250005868",774.0,774.0,D,5186,1,2025,243
2025-01-05,6000011,"CENTROS COMERCIALES CARREFOUR, SA:FU0961N250000635",335.23,335.23,D,5186,1,2025,243
2025-01-25,6000011,"CENTROS COMERCIALES CARREFOUR, SA:FU0961N250005869",291.31,291.31,D,5186,1,2025,243
2025-01-31,6000011,"CENTROS COMERCIALES CARREFOUR, SA:FU0961N250009545",268.65,268.65,D,5186,1,2025,243
2025-01-31,6000011,"CENTROS COMERCIALES CARREFOUR, SA:FU0961N250009546",430.71,430.71,D,5186,1,2025,243
2025-01-15,6000014,"CENTROS COMERCIALES CARREFOUR, SA:FU0961N250003273",2652.0,2652.0,D,5186,1,2025,243
2025-01-15,6000014,"CENTROS COMERCIALES CARREFOUR, SA:FU0961N250003274",1160.79,1160.79,D,5186,1,2025,243
2025-01-25,6000014,"CENTROS COMERCIALES CARREFOUR, SA:FU0961N250005867",508.31,508.31,D,5186,1,2025,243
2025-01-25,6000014,"CENTROS COMERCIALES CARREFOUR, SA:FU0961N250005868",1894.77,1894.77,D,5186,1,2025,243
2025-01-05,6000014,"CENTROS COMERCIALES CARREFOUR, SA:FU0961N250000635",1708.94,1708.94,D,5186,1,2025,243
2025-01-25,6000014,"CENTROS COMERCIALES CARREFOUR, SA:FU0961N250005869",1000.47,1000.47,D,5186,1,2025,243
2025-01-31,6000014,"CENTROS COMERCIALES CARREFOUR, SA:FU0961N250009545",1548.54,1548.54,D,5186,1,2025,243
2025-01-31,6000014,"CENTROS COMERCIALES CARREFOUR, SA:FU0961N250009546",3260.55,3260.55,D,5186,1,2025,243
2025-01-15,6000015,"CENTROS COMERCIALES CARREFOUR, SA:FU0961N250003273",3174.04,3174.04,D,5186,1,2025,243
2025-01-15,6000015,"CENTROS COMERCIALES CARREFOUR, SA:FU0961N250003274",792.83,792.83,D,5186,1,2025,243
2025-01-25,6000015,"CENTROS COMERCIALES CARREFOUR, SA:FU0961N250005867",1031.39,1031.39,D,5186,1,2025,243
2025-01-25,6000015,"CENTROS COMERCIALES CARREFOUR, SA:FU0961N250005868",3075.34,3075.34,D,5186,1,2025,243
2025-01-05,6000015,"CENTROS COMERCIALES CARREFOUR, SA:FU0961N250000635",1873.25,1873.25,D,5186,1,2025,243
2025-01-25,6000015,"CENTROS COMERCIALES CARREFOUR, SA:FU0961N250005869",2285.36,2285.36,D,5186,1,2025,243
2025-01-31,6000015,"CENTROS COMERCIALES CARREFOUR, SA:FU0961N250009545",249.82,249.82,D,5186,1,2025,243
2025-01-31,6000015,"CENTROS COMERCIALES CARREFOUR, SA:FU0961N250009546",5207.05,5207.05,D,5186,1,2025,243
2025-01-15,6000020,"CENTROS COMERCIALES CARREFOUR, SA:FU0961N250003273",547.44,547.44,D,5186,1,2025,243
2025-01-15,6000020,"CENTROS COMERCIALES CARREFOUR, SA:FU0961N250003274",181.69,181.69,D,5186,1,2025,243
2025-01-25,6000020,"CENTROS COMERCIALES CARREFOUR, SA:FU0961N250005867",140.85,140.85,D,5186,1,2025,243
2025-01-05,6000020,"CENTROS COMERCIALES CARREFOUR, SA:FU0961N250000635",322.02,322.02,D,5186,1,2025,243
2025-01-25,6000020,"CENTROS COMERCIALES CARREFOUR, SA:FU0961N250005868",286.33,286.33,D,5186,1,2025,243
2025-01-25,6000020,"CENTROS COMERCIALES CARREFOUR, SA:FU0961N250005869",429.31,429.31,D,5186,1,2025,243
2025-01-31,6000020,"CENTROS COMERCIALES CARREFOUR, SA:FU0961N250009546",691.55,691.55,D,5186,1,2025,243
2025-01-15,6000021,"CENTROS COMERCIALES CARREFOUR, SA:FU0961N250003274",29.32,29.32,D,5186,1,2025,243
2025-01-05,6000021,"CENTROS COMERCIALES CARREFOUR, SA:FU0961N250000635",136.36,136.36,D,5186,1,2025,243
2025-01-25,6000021,"CENTROS COMERCIALES CARREFOUR, SA:FU0961N250005868",69.63,69.63,D,5186,1,2025,243
2025-01-25,6000021,"CENTROS COMERCIALES CARREFOUR, SA:FU0961N250005869",12.37,12.37,D,5186,1,2025,243
2025-01-31,6000021,"CENTROS COMERCIALES CARREFOUR, SA:FU0961N250009546",75.95,75.95,D,5186,1,2025,243
2025-01-05,6000022,"SOCIEDAD DE COMPRAS MODERNAS, SA:FU0965N250000326",817.94,817.94,D,5186,1,2025,243
2025-01-15,6000022,"SOCIEDAD DE COMPRAS MODERNAS, SA:FU0965N250001518",1459.63,1459.63,D,5186,1,2025,243
2025-01-15,6000022,"SOCIEDAD DE COMPRAS MODERNAS, SA:FU0965N250001519",523.07,523.07,D,5186,1,2025,243
2025-01-25,6000022,"CENTROS COMERCIALES CARREFOUR, SA:FU0961N250005869",146.3,146.3,D,5186,1,2025,243
2025-01-25,6000022,"SOCIEDAD DE COMPRAS MODERNAS, SA:FU0965N250002806",291.02,291.02,D,5186,1,2025,243
2025-01-25,6000022,"SOCIEDAD DE COMPRAS MODERNAS, SA:FU0965N250002807",960.09,960.09,D,5186,1,2025,243
2025-01-25,6000022,"SOCIEDAD DE COMPRAS MODERNAS, SA:FU0965N250002808",1072.75,1072.75,D,5186,1,2025,243
2025-01-31,6000022,"SOCIEDAD DE COMPRAS MODERNAS, SA:FU0965N250004448",1898.26,1898.26,D,5186,1,2025,243
2025-01-31,6000022,TRASPASO MATERIAL CONSUMIBLE,146.3,146.3,H,5186,1,2025,243
2025-01-15,6000023,"CENTROS COMERCIALES CARREFOUR, SA:FU0961N250003273",681.39,681.39,D,5186,1,2025,243
2025-01-15,6000023,"CENTROS COMERCIALES CARREFOUR, SA:FU0961N250003274",361.15,361.15,D,5186,1,2025,243
2025-01-25,6000023,"CENTROS COMERCIALES CARREFOUR, SA:FU0961N250005867",69.47,69.47,D,5186,1,2025,243
2025-01-05,6000023,"CENTROS COMERCIALES CARREFOUR, SA:FU0961N250000635",289.61,289.61,D,5186,1,2025,243
2025-01-25,6000023,"CENTROS COMERCIALES CARREFOUR, SA:FU0961N250005868",915.82,915.82,D,5186,1,2025,243
2025-01-25,6000023,"CENTROS COMERCIALES CARREFOUR, SA:FU0961N250005869",750.28,750.28,D,5186,1,2025,243
2025-01-31,6000023,"CENTROS COMERCIALES CARREFOUR, SA:FU0961N250009545",123.36,123.36,D,5186,1,2025,243
2025-01-31,6000023,"CENTROS COMERCIALES CARREFOUR, SA:FU0961N250009546",961.97,961.97,D,5186,1,2025,243
2025-01-31,6000023,TRASPASO MATERIAL CONSUMIBLE,441.32,441.32,H,5186,1,2025,243
2025-01-15,6000024,"CENTROS COMERCIALES CARREFOUR, SA:FU0961N250003273",1167.86,1167.86,D,5186,1,2025,243
2025-01-15,6000024,"CENTROS COMERCIALES CARREFOUR, SA:FU0961N250003274",159.14,159.14,D,5186,1,2025,243
2025-01-25,6000024,"CENTROS COMERCIALES CARREFOUR, SA:FU0961N250005867",141.55,141.55,D,5186,1,2025,243
2025-01-05,6000024,"CENTROS COMERCIALES CARREFOUR, SA:FU0961N250000635",629.62,629.62,D,5186,1,2025,243
2025-01-25,6000024,"CENTROS COMERCIALES CARREFOUR, SA:FU0961N250005868",966.2,966.2,D,5186,1,2025,243
2025-01-25,6000024,"CENTROS COMERCIALES CARREFOUR, SA:FU0961N250005869",671.47,671.47,D,5186,1,2025,243
2025-01-31,6000024,"CENTROS COMERCIALES CARREFOUR, SA:FU0961N250009545",62.17,62.17,D,5186,1,2025,243
2025-01-31,6000024,"CENTROS COMERCIALES CARREFOUR, SA:FU0961N250009546",794.38,794.38,D,5186,1,2025,243
2025-01-15,6000026,"CENTROS COMERCIALES CARREFOUR, SA:FU0961N250003273",114.44,114.44,D,5186,1,2025,243
2025-01-15,6000026,"CENTROS COMERCIALES CARREFOUR, SA:FU0961N250003274",23.42,23.42,D,5186,1,2025,243
2025-01-25,6000026,"CENTROS COMERCIALES CARREFOUR, SA:FU0961N250005867",24.65,24.65,D,5186,1,2025,243
2025-01-05,6000026,"CENTROS COMERCIALES CARREFOUR, SA:FU0961N250000635",150.06,150.06,D,5186,1,2025,243
2025-01-25,6000026,"CENTROS COMERCIALES CARREFOUR, SA:FU0961N250005868",303.16,303.16,D,5186,1,2025,243
2025-01-25,6000026,"CENTROS COMERCIALES CARREFOUR, SA:FU0961N250005869",172.33,172.33,D,5186,1,2025,243
2025-01-31,6000026,"CENTROS COMERCIALES CARREFOUR, SA:FU0961N250009546",325.06,325.06,D,5186,1,2025,243
2025-01-15,6000030,"CENTROS COMERCIALES CARREFOUR, SA:FU0961N250003273",143.01,143.01,D,5186,1,2025,243
2025-01-15,6000030,"CENTROS COMERCIALES CARREFOUR, SA:FU0961N250003273",87.07,87.07,D,5186,1,2025,243
2025-01-15,6000030,"CENTROS COMERCIALES CARREFOUR, SA:FU0961N250003274",11.62,11.62,D,5186,1,2025,243
2025-01-15,6000030,"CENTROS COMERCIALES CARREFOUR, SA:FU0961N250003274",46.9,46.9,D,5186,1,2025,243
2025-01-25,6000030,"CENTROS COMERCIALES CARREFOUR, SA:FU0961N250005867",9.67,9.67,D,5186,1,2025,243
2025-01-05,6000030,"CENTROS COMERCIALES CARREFOUR, SA:FU0961N250000635",52.91,52.91,D,5186,1,2025,243
2025-01-05,6000030,"CENTROS COMERCIALES CARREFOUR, SA:FU0961N250000635",116.05,116.05,D,5186,1,2025,243
2025-01-05,6000030,"CENTROS COMERCIALES CARREFOUR, SA:FU0961N250000635",12.51,12.51,D,5186,1,2025,243
2025-01-05,6000030,"CENTROS COMERCIALES CARREFOUR, SA:FU0961N250000635",20.62,20.62,D,5186,1,2025,243
2025-01-25,6000030,"CENTROS COMERCIALES CARREFOUR, SA:FU0961N250005868",97.15,97.15,D,5186,1,2025,243
2025-01-25,6000030,"CENTROS COMERCIALES CARREFOUR, SA:FU0961N250005868",68.7,68.7,D,5186,1,2025,243
2025-01-25,6000030,"CENTROS COMERCIALES CARREFOUR, SA:FU0961N250005868",9.42,9.42,D,5186,1,2025,243
2025-01-25,6000030,"CENTROS COMERCIALES CARREFOUR, SA:FU0961N250005869",30.76,30.76,D,5186,1,2025,243
2025-01-31,6000030,"CENTROS COMERCIALES CARREFOUR, SA:FU0961N250009545",46.11,46.11,D,5186,1,2025,243
2025-01-31,6000030,"CENTROS COMERCIALES CARREFOUR, SA:FU0961N250009545",157.59,157.59,D,5186,1,2025,243
2025-01-31,6000030,"CENTROS COMERCIALES CARREFOUR, SA:FU0961N250009546",21.19,21.19,D,5186,1,2025,243
2025-01-31,6000030,"CENTROS COMERCIALES CARREFOUR, SA:FU0961N250009546",32.94,32.94,D,5186,1,2025,243
2025-01-15,6000040,"CENTROS COMERCIALES CARREFOUR, SA:FU0961N250003273",95.11,95.11,D,5186,1,2025,243
2025-01-15,6000040,"CENTROS COMERCIALES CARREFOUR, SA:FU0961N250003274",15.83,15.83,D,5186,1,2025,243
2025-01-25,6000040,"CENTROS COMERCIALES CARREFOUR, SA:FU0961N250005867",7.95,7.95,D,5186,1,2025,243
2025-01-05,6000040,"CENTROS COMERCIALES CARREFOUR, SA:FU0961N250000635",7.92,7.92,D,5186,1,2025,243
2025-01-25,6000040,"CENTROS COMERCIALES CARREFOUR, SA:FU0961N250005868",71.31,71.31,D,5186,1,2025,243
2025-01-25,6000040,"CENTROS COMERCIALES CARREFOUR, SA:FU0961N250005869",15.84,15.84,D,5186,1,2025,243
2025-01-31,6000040,"CENTROS COMERCIALES CARREFOUR, SA:FU0961N250009545",47.47,47.47,D,5186,1,2025,243
2025-01-31,6000040,"CENTROS COMERCIALES CARREFOUR, SA:FU0961N250009546",31.67,31.67,D,5186,1,2025,243
2025-01-31,6020099,TRASPASO MATERIAL CONSUMIBLE,587.62,587.62,D,5186,1,2025,243
2025-01-05,6080015,"CENTROS COMERCIALES CARREFOUR, SA:FU0961N250000636",-47.64,-47.64,D,5186,1,2025,243
2025-01-15,6080015,"CENTROS COMERCIALES CARREFOUR, SA:FU0961N250003275",-18.76,-18.76,D,5186,1,2025,243
2025-01-25,6080015,"CENTROS COMERCIALES CARREFOUR, SA:FU0961N250005870",-42.3,-42.3,D,5186,1,2025,243
2025-01-25,6080015,"CENTROS COMERCIALES CARREFOUR, SA:FU0961N250005871",-8.47,-8.47,D,5186,1,2025,243
2025-01-31,6080015,"CENTROS COMERCIALES CARREFOUR, SA:FU0961N250009547",-1.07,-1.07,D,5186,1,2025,243
2025-01-31,6080015,"CENTROS COMERCIALES CARREFOUR, SA:FU0961N250009548",-17.29,-17.29,D,5186,1,2025,243
2025-01-29,6090001,RAPPEL MENSUAL 12/2024 SEC 10 TDA 5489 IVA REDUCID,-431.09,-431.09,D,5186,1,2025,243
2025-01-29,6090001,RAPPEL MENSUAL 12/2024 SEC 10 TDA 5489 IVA GENERAL,-630.64,-630.64,D,5186,1,2025,243
2025-01-29,6090001,RAPPEL MENSUAL 12/2024 SEC 10 TDA 5489 IVA 2%,-29.46,-29.46,D,5186,1,2025,243
2025-01-29,6090001,RAPPEL OTROS FORMATO SEC 22 TDA 5489 IVA SUPERREDU,-16.35,-16.35,D,5186,1,2025,243
2025-01-31,6090100,INCENTIVO POR NO INTERPOSICION LITIGIOS 01/2025 SE,-158.87,-158.87,D,5186,1,2025,243
2025-01-31,6090100,INCENTIVO POR NO INTERPOSICION LITIGIOS 01/2025 SE,-17.55,-17.55,D,5186,1,2025,243
2025-01-30,6090101,INCENTIVOS POR CORRECTA SEÑALIZACIÓN 12/2024 SEC 1,-369.47,-369.47,D,5186,1,2025,243
2025-01-30,6090101,INCENTIVO POR NO TENER ERRORES DE PRECIO 12/2024 S,-369.47,-369.47,D,5186,1,2025,243
2025-01-30,6090101,INCENTIVOS POR RESOLUCION LITIGIOS 12/2024 SEC 15,-369.47,-369.47,D,5186,1,2025,243
2025-01-30,6090101,INCENTIVOS POR NO TENER PRODUCTO CADUCADO 12/2024,-369.47,-369.47,D,5186,1,2025,243
2025-01-30,6090101,INCENTIVOS POR NO TENER STOCKS NEGATIVOS 12/2024 S,-369.47,-369.47,D,5186,1,2025,243
2025-01-30,6090101,INCENTIVOS POR CORRECTA SEÑALIZACIÓN 12/2024 SEC 2,-31.3,-31.3,D,5186,1,2025,243
2025-01-30,6090101,INCENTIVO POR NO TENER ERRORES DE PRECIO 12/2024 S,-31.3,-31.3,D,5186,1,2025,243
2025-01-30,6090101,INCENTIVOS POR RESOLUCION LITIGIOS 12/2024 SEC 22,-31.3,-31.3,D,5186,1,2025,243
2025-01-30,6090101,INCENTIVOS POR NO TENER PRODUCTO CADUCADO 12/2024,-31.3,-31.3,D,5186,1,2025,243
2025-01-30,6090101,INCENTIVOS POR NO TENER STOCKS NEGATIVOS 12/2024 S,-31.3,-31.3,D,5186,1,2025,243
2025-01-28,6090103,INCENTIVOS POR TASA DE INTEGRACION 12/2024 SEC 11,-316.95,-316.95,D,5186,1,2025,243
2025-01-28,6090103,INCENTIVOS POR TASA DE INTEGRACION 12/2024 SEC 11,-2908.02,-2908.02,D,5186,1,2025,243
2025-01-31,6214000,CANON DE ENSEÑA VARIABLE 01/2025 TDA 5489,1163.06,1163.06,D,5186,1,2025,243
2025-01-31,6214002,CANON CLUB CARREFOUR 01/2025 TDA 5489,150.0,150.0,D,5186,1,2025,243
2025-01-31,6230004,CANON DE ENSEÑA VARIABLE 01/2025 TDA 5489,570.12,570.12,D,5186,1,2025,243
2025-01-31,6236024,CANON LOGISTICO 01/2025 TDA 5489,988.03,988.03,D,5186,1,2025,243
2025-01-02,6590002,Diferencia Arqueo/Cajer@02/01/2025FAST FOOD FACTORY ARENA SL,-1.76,-1.76,D,5186,1,2025,243
2025-01-03,6590002,Diferencia Arqueo/Cajer@03/01/2025FAST FOOD FACTORY ARENA SL,6.2,6.2,D,5186,1,2025,243
2025-01-04,6590002,Diferencia Arqueo/Cajer@04/01/2025FAST FOOD FACTORY ARENA SL,-8.53,-8.53,D,5186,1,2025,243
2025-01-05,6590002,Diferencia Arqueo/Cajer@05/01/2025FAST FOOD FACTORY ARENA SL,7.64,7.64,D,5186,1,2025,243
2025-01-07,6590002,Diferencia Arqueo/Cajer@07/01/2025FAST FOOD FACTORY ARENA SL,-4.93,-4.93,D,5186,1,2025,243
2025-01-09,6590002,Diferencia Arqueo/Cajer@09/01/2025FAST FOOD FACTORY ARENA SL,-1.68,-1.68,D,5186,1,2025,243
2025-01-10,6590002,Diferencia Arqueo/Cajer@10/01/2025FAST FOOD FACTORY ARENA SL,-0.64,-0.64,D,5186,1,2025,243
2025-01-11,6590002,Diferencia Arqueo/Cajer@11/01/2025FAST FOOD FACTORY ARENA SL,-1.18,-1.18,D,5186,1,2025,243
2025-01-13,6590002,Diferencia Arqueo/Cajer@13/01/2025FAST FOOD FACTORY ARENA SL,1.65,1.65,D,5186,1,2025,243
2025-01-18,6590002,Diferencia Arqueo/Cajer@18/01/2025FAST FOOD FACTORY ARENA SL,-0.31,-0.31,D,5186,1,2025,243
2025-01-19,6590002,Diferencia Arqueo/Cajer@19/01/2025FAST FOOD FACTORY ARENA SL,-2.71,-2.71,D,5186,1,2025,243
2025-01-20,6590002,Diferencia Arqueo/Cajer@20/01/2025FAST FOOD FACTORY ARENA SL,-5.21,-5.21,D,5186,1,2025,243
2025-01-21,6590002,Diferencia Arqueo/Cajer@21/01/2025FAST FOOD FACTORY ARENA SL,-0.07,-0.07,D,5186,1,2025,243
2025-01-22,6590002,Diferencia Arqueo/Cajer@22/01/2025FAST FOOD FACTORY ARENA SL,-7.74,-7.74,D,5186,1,2025,243
2025-01-23,6590002,Diferencia Arqueo/Cajer@23/01/2025FAST FOOD FACTORY ARENA SL,-1.0,-1.0,D,5186,1,2025,243
2025-01-24,6590002,Diferencia Arqueo/Cajer@24/01/2025FAST FOOD FACTORY ARENA SL,-0.47,-0.47,D,5186,1,2025,243
2025-01-27,6590002,Diferencia Arqueo/Cajer@27/01/2025FAST FOOD FACTORY ARENA SL,-7.55,-7.55,D,5186,1,2025,243
2025-01-28,6590002,Diferencia Arqueo/Cajer@28/01/2025FAST FOOD FACTORY ARENA SL,0.74,0.74,D,5186,1,2025,243
2025-01-29,6590002,Diferencia Arqueo/Cajer@29/01/2025FAST FOOD FACTORY ARENA SL,0.8,0.8,D,5186,1,2025,243
2025-01-30,6590002,Diferencia Arqueo/Cajer@30/01/2025FAST FOOD FACTORY ARENA SL,-2.49,-2.49,D,5186,1,2025,243
2025-01-31,6590002,Diferencia Arqueo/Cajer@31/01/2025FAST FOOD FACTORY ARENA SL,0.52,0.52,D,5186,1,2025,243
2025-01-23,6620000,CENTROS COMERCIALES  S. FRA:  INT ENERO,118.9,118.9,D,5186,1,2025,243
2025-05-31,6810000,AMORTIZACION INSTALACION CLIMATIZACIÓN,67.12,67.12,D,5186,1,2025,243
2025-06-30,6810000,AMORTIZACION INSTALACION CLIMATIZACIÓN,64.95,64.95,D,5186,1,2025,243
2025-07-31,6810000,AMORTIZACION INSTALACION CLIMATIZACIÓN,67.12,67.12,D,5186,1,2025,243
2025-08-31,6810000,AMORTIZACION INSTALACION CLIMATIZACIÓN,67.12,67.12,D,5186,1,2025,243
2025-09-30,6810000,AMORTIZACION INSTALACION CLIMATIZACIÓN,64.95,64.95,D,5186,1,2025,243
2025-10-31,6810000,AMORTIZACION INSTALACION CLIMATIZACIÓN,67.12,67.12,D,5186,1,2025,243
2025-11-30,6810000,AMORTIZACION INSTALACION CLIMATIZACIÓN,64.95,64.95,D,5186,1,2025,243
2025-12-31,6810000,AMORTIZACION INSTALACION CLIMATIZACIÓN,67.11,67.11,D,5186,1,2025,243
2025-01-31,6810000,AMORTIZACION INSTALACIÓN CLIMATIZACION,29.8,29.8,D,5186,1,2025,243
2025-02-28,6810000,AMORTIZACION INSTALACIÓN CLIMATIZACION,26.92,26.92,D,5186,1,2025,243
2025-03-31,6810000,AMORTIZACION INSTALACIÓN CLIMATIZACION,29.8,29.8,D,5186,1,2025,243
2025-04-30,6810000,AMORTIZACION INSTALACIÓN CLIMATIZACION,28.84,28.84,D,5186,1,2025,243
2025-05-31,6810000,AMORTIZACION INSTALACIÓN CLIMATIZACION,29.8,29.8,D,5186,1,2025,243
2025-06-30,6810000,AMORTIZACION INSTALACIÓN CLIMATIZACION,28.84,28.84,D,5186,1,2025,243
2025-07-31,6810000,AMORTIZACION INSTALACIÓN CLIMATIZACION,29.8,29.8,D,5186,1,2025,243
2025-08-31,6810000,AMORTIZACION INSTALACIÓN CLIMATIZACION,29.8,29.8,D,5186,1,2025,243
2025-09-30,6810000,AMORTIZACION INSTALACIÓN CLIMATIZACION,28.84,28.84,D,5186,1,2025,243
2025-10-31,6810000,AMORTIZACION INSTALACIÓN CLIMATIZACION,29.8,29.8,D,5186,1,2025,243
2025-11-30,6810000,AMORTIZACION INSTALACIÓN CLIMATIZACION,28.84,28.84,D,5186,1,2025,243
2025-12-31,6810000,AMORTIZACION INSTALACIÓN CLIMATIZACION,29.79,29.79,D,5186,1,2025,243
2025-01-31,6810000,AMORTIZACION TRABAJOS DE ALBAÑILERÍA ACONDICIONA,131.74,131.74,D,5186,1,2025,243
2025-02-28,6810000,AMORTIZACION TRABAJOS DE ALBAÑILERÍA ACONDICIONA,118.99,118.99,D,5186,1,2025,243
2025-03-31,6810000,AMORTIZACION TRABAJOS DE ALBAÑILERÍA ACONDICIONA,131.74,131.74,D,5186,1,2025,243
2025-04-30,6810000,AMORTIZACION TRABAJOS DE ALBAÑILERÍA ACONDICIONA,127.49,127.49,D,5186,1,2025,243
2025-05-31,6810000,AMORTIZACION TRABAJOS DE ALBAÑILERÍA ACONDICIONA,131.74,131.74,D,5186,1,2025,243
2025-06-30,6810000,AMORTIZACION TRABAJOS DE ALBAÑILERÍA ACONDICIONA,127.49,127.49,D,5186,1,2025,243
2025-07-31,6810000,AMORTIZACION TRABAJOS DE ALBAÑILERÍA ACONDICIONA,131.74,131.74,D,5186,1,2025,243
2025-08-31,6810000,AMORTIZACION TRABAJOS DE ALBAÑILERÍA ACONDICIONA,131.74,131.74,D,5186,1,2025,243
2025-09-30,6810000,AMORTIZACION TRABAJOS DE ALBAÑILERÍA ACONDICIONA,127.49,127.49,D,5186,1,2025,243
2025-10-31,6810000,AMORTIZACION TRABAJOS DE ALBAÑILERÍA ACONDICIONA,131.74,131.74,D,5186,1,2025,243
2025-11-30,6810000,AMORTIZACION TRABAJOS DE ALBAÑILERÍA ACONDICIONA,127.49,127.49,D,5186,1,2025,243
2025-12-31,6810000,AMORTIZACION TRABAJOS DE ALBAÑILERÍA ACONDICIONA,131.71,131.71,D,5186,1,2025,243
2025-01-31,6810000,AMORTIZACION MOBILIZARIO FRIO,105.38,105.38,D,5186,1,2025,243
2025-02-28,6810000,AMORTIZACION MOBILIZARIO FRIO,95.18,95.18,D,5186,1,2025,243
2025-03-31,6810000,AMORTIZACION MOBILIZARIO FRIO,105.38,105.38,D,5186,1,2025,243
2025-04-30,6810000,AMORTIZACION MOBILIZARIO FRIO,101.98,101.98,D,5186,1,2025,243
2025-05-31,6810000,AMORTIZACION MOBILIZARIO FRIO,105.38,105.38,D,5186,1,2025,243
2025-06-30,6810000,AMORTIZACION MOBILIZARIO FRIO,101.98,101.98,D,5186,1,2025,243
2025-07-31,6810000,AMORTIZACION MOBILIZARIO FRIO,105.38,105.38,D,5186,1,2025,243
2025-08-31,6810000,AMORTIZACION MOBILIZARIO FRIO,105.38,105.38,D,5186,1,2025,243
2025-09-30,6810000,AMORTIZACION MOBILIZARIO FRIO,101.98,101.98,D,5186,1,2025,243
2025-10-31,6810000,AMORTIZACION MOBILIZARIO FRIO,105.38,105.38,D,5186,1,2025,243
2025-11-30,6810000,AMORTIZACION MOBILIZARIO FRIO,101.98,101.98,D,5186,1,2025,243
2025-12-31,6810000,AMORTIZACION MOBILIZARIO FRIO,105.37,105.37,D,5186,1,2025,243
2025-01-31,6810000,AMORTIZACION CERTIFICADO ACUSTICO PARA LICENCIA,5.74,5.74,D,5186,1,2025,243
2025-02-28,6810000,AMORTIZACION CERTIFICADO ACUSTICO PARA LICENCIA,5.18,5.18,D,5186,1,2025,243
2025-03-31,6810000,AMORTIZACION CERTIFICADO ACUSTICO PARA LICENCIA,5.74,5.74,D,5186,1,2025,243
2025-04-30,6810000,AMORTIZACION CERTIFICADO ACUSTICO PARA LICENCIA,5.55,5.55,D,5186,1,2025,243
2025-05-31,6810000,AMORTIZACION CERTIFICADO ACUSTICO PARA LICENCIA,5.74,5.74,D,5186,1,2025,243
2025-06-30,6810000,AMORTIZACION CERTIFICADO ACUSTICO PARA LICENCIA,5.55,5.55,D,5186,1,2025,243
2025-07-31,6810000,AMORTIZACION CERTIFICADO ACUSTICO PARA LICENCIA,5.74,5.74,D,5186,1,2025,243
2025-08-31,6810000,AMORTIZACION CERTIFICADO ACUSTICO PARA LICENCIA,5.74,5.74,D,5186,1,2025,243
2025-09-30,6810000,AMORTIZACION CERTIFICADO ACUSTICO PARA LICENCIA,5.55,5.55,D,5186,1,2025,243
2025-10-31,6810000,AMORTIZACION CERTIFICADO ACUSTICO PARA LICENCIA,5.74,5.74,D,5186,1,2025,243
2025-11-30,6810000,AMORTIZACION CERTIFICADO ACUSTICO PARA LICENCIA,5.55,5.55,D,5186,1,2025,243
2025-12-31,6810000,AMORTIZACION CERTIFICADO ACUSTICO PARA LICENCIA,5.75,5.75,D,5186,1,2025,243
2025-01-31,6810000,AMORTIZACION ATKITRINGO 3,9.56,9.56,D,5186,1,2025,243
2025-02-28,6810000,AMORTIZACION ATKITRINGO 3,8.64,8.64,D,5186,1,2025,243
2025-03-31,6810000,AMORTIZACION ATKITRINGO 3,9.56,9.56,D,5186,1,2025,243
2025-04-30,6810000,AMORTIZACION ATKITRINGO 3,9.26,9.26,D,5186,1,2025,243
2025-05-31,6810000,AMORTIZACION ATKITRINGO 3,9.56,9.56,D,5186,1,2025,243
2025-06-30,6810000,AMORTIZACION ATKITRINGO 3,9.26,9.26,D,5186,1,2025,243
2025-07-31,6810000,AMORTIZACION ATKITRINGO 3,9.56,9.56,D,5186,1,2025,243
2025-08-31,6810000,AMORTIZACION ATKITRINGO 3,9.56,9.56,D,5186,1,2025,243
2025-09-30,6810000,AMORTIZACION ATKITRINGO 3,9.26,9.26,D,5186,1,2025,243
2025-10-31,6810000,AMORTIZACION ATKITRINGO 3,9.56,9.56,D,5186,1,2025,243
2025-11-30,6810000,AMORTIZACION ATKITRINGO 3,9.26,9.26,D,5186,1,2025,243
2025-12-31,6810000,AMORTIZACION ATKITRINGO 3,9.57,9.57,D,5186,1,2025,243
2025-01-31,6810000,AMORTIZACION MOBILIARIO DE FRIO,105.3,105.3,D,5186,1,2025,243
2025-02-28,6810000,AMORTIZACION MOBILIARIO DE FRIO,95.11,95.11,D,5186,1,2025,243
2025-03-31,6810000,AMORTIZACION MOBILIARIO DE FRIO,105.3,105.3,D,5186,1,2025,243
2025-04-30,6810000,AMORTIZACION MOBILIARIO DE FRIO,101.9,101.9,D,5186,1,2025,243
2025-05-31,6810000,AMORTIZACION MOBILIARIO DE FRIO,105.3,105.3,D,5186,1,2025,243
2025-06-30,6810000,AMORTIZACION MOBILIARIO DE FRIO,101.9,101.9,D,5186,1,2025,243
2025-01-31,6810000,AMORTIZACION ELEMENTOS INFORMÁTICOS,323.67,323.67,D,5186,1,2025,243
2025-02-28,6810000,AMORTIZACION ELEMENTOS INFORMÁTICOS,292.35,292.35,D,5186,1,2025,243
2025-03-31,6810000,AMORTIZACION ELEMENTOS INFORMÁTICOS,323.67,323.67,D,5186,1,2025,243
2025-04-30,6810000,AMORTIZACION ELEMENTOS INFORMÁTICOS,313.23,313.23,D,5186,1,2025,243
2025-05-31,6810000,AMORTIZACION ELEMENTOS INFORMÁTICOS,177.51,177.51,D,5186,1,2025,243
2025-01-31,6810000,AMORTIZACION ELEMENTOS  MOBILIARIO MARKETING,35.9,35.9,D,5186,1,2025,243
2025-02-28,6810000,AMORTIZACION ELEMENTOS  MOBILIARIO MARKETING,32.43,32.43,D,5186,1,2025,243
2025-03-31,6810000,AMORTIZACION ELEMENTOS  MOBILIARIO MARKETING,35.9,35.9,D,5186,1,2025,243
2025-04-30,6810000,AMORTIZACION ELEMENTOS  MOBILIARIO MARKETING,34.75,34.75,D,5186,1,2025,243
2025-05-31,6810000,AMORTIZACION ELEMENTOS  MOBILIARIO MARKETING,35.9,35.9,D,5186,1,2025,243
2025-06-30,6810000,AMORTIZACION ELEMENTOS  MOBILIARIO MARKETING,34.75,34.75,D,5186,1,2025,243
2025-07-31,6810000,AMORTIZACION ELEMENTOS  MOBILIARIO MARKETING,35.9,35.9,D,5186,1,2025,243
2025-08-31,6810000,AMORTIZACION ELEMENTOS  MOBILIARIO MARKETING,35.9,35.9,D,5186,1,2025,243
2025-09-30,6810000,AMORTIZACION ELEMENTOS  MOBILIARIO MARKETING,34.75,34.75,D,5186,1,2025,243
2025-10-31,6810000,AMORTIZACION ELEMENTOS  MOBILIARIO MARKETING,35.9,35.9,D,5186,1,2025,243
2025-11-30,6810000,AMORTIZACION ELEMENTOS  MOBILIARIO MARKETING,34.75,34.75,D,5186,1,2025,243
2025-12-31,6810000,AMORTIZACION ELEMENTOS  MOBILIARIO MARKETING,35.92,35.92,D,5186,1,2025,243
2025-01-31,6810000,AMORTIZACION INSTALACIÓN ELÉCTRICA,33.26,33.26,D,5186,1,2025,243
2025-02-28,6810000,AMORTIZACION INSTALACIÓN ELÉCTRICA,30.04,30.04,D,5186,1,2025,243
2025-03-31,6810000,AMORTIZACION INSTALACIÓN ELÉCTRICA,33.26,33.26,D,5186,1,2025,243
2025-04-30,6810000,AMORTIZACION INSTALACIÓN ELÉCTRICA,32.18,32.18,D,5186,1,2025,243
2025-05-31,6810000,AMORTIZACION INSTALACIÓN ELÉCTRICA,33.26,33.26,D,5186,1,2025,243
2025-06-30,6810000,AMORTIZACION INSTALACIÓN ELÉCTRICA,32.18,32.18,D,5186,1,2025,243
2025-07-31,6810000,AMORTIZACION INSTALACIÓN ELÉCTRICA,33.26,33.26,D,5186,1,2025,243
2025-08-31,6810000,AMORTIZACION INSTALACIÓN ELÉCTRICA,33.26,33.26,D,5186,1,2025,243
2025-09-30,6810000,AMORTIZACION INSTALACIÓN ELÉCTRICA,32.18,32.18,D,5186,1,2025,243
2025-10-31,6810000,AMORTIZACION INSTALACIÓN ELÉCTRICA,33.26,33.26,D,5186,1,2025,243
2025-11-30,6810000,AMORTIZACION INSTALACIÓN ELÉCTRICA,32.18,32.18,D,5186,1,2025,243
2025-12-31,6810000,AMORTIZACION INSTALACIÓN ELÉCTRICA,33.26,33.26,D,5186,1,2025,243
2025-01-31,6810000,AMORTIZACION INSTALACIÓN ILUMINACIÓN,47.74,47.74,D,5186,1,2025,243
2025-02-28,6810000,AMORTIZACION INSTALACIÓN ILUMINACIÓN,43.12,43.12,D,5186,1,2025,243
2025-03-31,6810000,AMORTIZACION INSTALACIÓN ILUMINACIÓN,47.74,47.74,D,5186,1,2025,243
2025-04-30,6810000,AMORTIZACION INSTALACIÓN ILUMINACIÓN,46.2,46.2,D,5186,1,2025,243
2025-05-31,6810000,AMORTIZACION INSTALACIÓN ILUMINACIÓN,47.74,47.74,D,5186,1,2025,243
2025-06-30,6810000,AMORTIZACION INSTALACIÓN ILUMINACIÓN,46.2,46.2,D,5186,1,2025,243
2025-07-31,6810000,AMORTIZACION INSTALACIÓN ILUMINACIÓN,47.74,47.74,D,5186,1,2025,243
2025-08-31,6810000,AMORTIZACION INSTALACIÓN ILUMINACIÓN,47.74,47.74,D,5186,1,2025,243
2025-09-30,6810000,AMORTIZACION INSTALACIÓN ILUMINACIÓN,46.2,46.2,D,5186,1,2025,243
2025-10-31,6810000,AMORTIZACION INSTALACIÓN ILUMINACIÓN,47.74,47.74,D,5186,1,2025,243
2025-11-30,6810000,AMORTIZACION INSTALACIÓN ILUMINACIÓN,46.2,46.2,D,5186,1,2025,243
2025-12-31,6810000,AMORTIZACION INSTALACIÓN ILUMINACIÓN,47.69,47.69,D,5186,1,2025,243
2025-01-31,6810000,AMORTIZACION INSTALACIÓN ILUMINACIÓN,13.34,13.34,D,5186,1,2025,243
2025-02-28,6810000,AMORTIZACION INSTALACIÓN ILUMINACIÓN,12.05,12.05,D,5186,1,2025,243
2025-03-31,6810000,AMORTIZACION INSTALACIÓN ILUMINACIÓN,13.34,13.34,D,5186,1,2025,243
2025-04-30,6810000,AMORTIZACION INSTALACIÓN ILUMINACIÓN,12.91,12.91,D,5186,1,2025,243
2025-05-31,6810000,AMORTIZACION INSTALACIÓN ILUMINACIÓN,13.34,13.34,D,5186,1,2025,243
2025-06-30,6810000,AMORTIZACION INSTALACIÓN ILUMINACIÓN,12.91,12.91,D,5186,1,2025,243
2025-07-31,6810000,AMORTIZACION INSTALACIÓN ILUMINACIÓN,13.34,13.34,D,5186,1,2025,243
2025-08-31,6810000,AMORTIZACION INSTALACIÓN ILUMINACIÓN,13.34,13.34,D,5186,1,2025,243
2025-09-30,6810000,AMORTIZACION INSTALACIÓN ILUMINACIÓN,12.91,12.91,D,5186,1,2025,243
2025-10-31,6810000,AMORTIZACION INSTALACIÓN ILUMINACIÓN,13.34,13.34,D,5186,1,2025,243
2025-11-30,6810000,AMORTIZACION INSTALACIÓN ILUMINACIÓN,12.91,12.91,D,5186,1,2025,243
2025-12-31,6810000,AMORTIZACION INSTALACIÓN ILUMINACIÓN,13.39,13.39,D,5186,1,2025,243
2025-01-31,6810000,AMORTIZACION INSTALACIÓNES VARIAS,15.32,15.32,D,5186,1,2025,243
2025-02-28,6810000,AMORTIZACION INSTALACIÓNES VARIAS,13.84,13.84,D,5186,1,2025,243
2025-03-31,6810000,AMORTIZACION INSTALACIÓNES VARIAS,15.32,15.32,D,5186,1,2025,243
2025-04-30,6810000,AMORTIZACION INSTALACIÓNES VARIAS,14.82,14.82,D,5186,1,2025,243
2025-05-31,6810000,AMORTIZACION INSTALACIÓNES VARIAS,15.32,15.32,D,5186,1,2025,243
2025-06-30,6810000,AMORTIZACION INSTALACIÓNES VARIAS,14.82,14.82,D,5186,1,2025,243
2025-07-31,6810000,AMORTIZACION INSTALACIÓNES VARIAS,15.32,15.32,D,5186,1,2025,243
2025-08-31,6810000,AMORTIZACION INSTALACIÓNES VARIAS,15.32,15.32,D,5186,1,2025,243
2025-09-30,6810000,AMORTIZACION INSTALACIÓNES VARIAS,14.82,14.82,D,5186,1,2025,243
2025-10-31,6810000,AMORTIZACION INSTALACIÓNES VARIAS,15.32,15.32,D,5186,1,2025,243
2025-11-30,6810000,AMORTIZACION INSTALACIÓNES VARIAS,14.82,14.82,D,5186,1,2025,243
2025-12-31,6810000,AMORTIZACION INSTALACIÓNES VARIAS,15.32,15.32,D,5186,1,2025,243
2025-01-31,6810000,AMORTIZACION INSTALCION CLIMATIZACION,38.33,38.33,D,5186,1,2025,243
2025-02-28,6810000,AMORTIZACION INSTALCION CLIMATIZACION,34.62,34.62,D,5186,1,2025,243
2025-03-31,6810000,AMORTIZACION INSTALCION CLIMATIZACION,38.33,38.33,D,5186,1,2025,243
2025-04-30,6810000,AMORTIZACION INSTALCION CLIMATIZACION,37.09,37.09,D,5186,1,2025,243
2025-05-31,6810000,AMORTIZACION INSTALCION CLIMATIZACION,38.33,38.33,D,5186,1,2025,243
2025-06-30,6810000,AMORTIZACION INSTALCION CLIMATIZACION,37.09,37.09,D,5186,1,2025,243
2025-07-31,6810000,AMORTIZACION INSTALCION CLIMATIZACION,38.33,38.33,D,5186,1,2025,243
2025-08-31,6810000,AMORTIZACION INSTALCION CLIMATIZACION,38.33,38.33,D,5186,1,2025,243
2025-09-30,6810000,AMORTIZACION INSTALCION CLIMATIZACION,37.09,37.09,D,5186,1,2025,243
2025-10-31,6810000,AMORTIZACION INSTALCION CLIMATIZACION,38.33,38.33,D,5186,1,2025,243
2025-11-30,6810000,AMORTIZACION INSTALCION CLIMATIZACION,37.09,37.09,D,5186,1,2025,243
2025-12-31,6810000,AMORTIZACION INSTALCION CLIMATIZACION,38.35,38.35,D,5186,1,2025,243
2025-01-31,6810000,AMORTIZACION INSTALACION CLIMATIZACIÓN,67.12,67.12,D,5186,1,2025,243
2025-02-28,6810000,AMORTIZACION INSTALACION CLIMATIZACIÓN,60.62,60.62,D,5186,1,2025,243
2025-03-31,6810000,AMORTIZACION INSTALACION CLIMATIZACIÓN,67.12,67.12,D,5186,1,2025,243
2025-04-30,6810000,AMORTIZACION INSTALACION CLIMATIZACIÓN,64.95,64.95,D,5186,1,2025,243
2025-07-31,6810000,AMORTIZACION MOBILIARIO DE FRIO,105.3,105.3,D,5186,1,2025,243
2025-08-31,6810000,AMORTIZACION MOBILIARIO DE FRIO,105.3,105.3,D,5186,1,2025,243
2025-09-30,6810000,AMORTIZACION MOBILIARIO DE FRIO,101.9,101.9,D,5186,1,2025,243
2025-10-31,6810000,AMORTIZACION MOBILIARIO DE FRIO,105.3,105.3,D,5186,1,2025,243
2025-11-30,6810000,AMORTIZACION MOBILIARIO DE FRIO,101.9,101.9,D,5186,1,2025,243
2025-12-31,6810000,AMORTIZACION MOBILIARIO DE FRIO,105.26,105.26,D,5186,1,2025,243
2025-01-31,6810000,AMORTIZACION MOBILIARIO FRIO,17.55,17.55,D,5186,1,2025,243
2025-02-28,6810000,AMORTIZACION MOBILIARIO FRIO,15.85,15.85,D,5186,1,2025,243
2025-03-31,6810000,AMORTIZACION MOBILIARIO FRIO,17.55,17.55,D,5186,1,2025,243
2025-04-30,6810000,AMORTIZACION MOBILIARIO FRIO,16.98,16.98,D,5186,1,2025,243
2025-05-31,6810000,AMORTIZACION MOBILIARIO FRIO,17.55,17.55,D,5186,1,2025,243
2025-06-30,6810000,AMORTIZACION MOBILIARIO FRIO,16.98,16.98,D,5186,1,2025,243
2025-07-31,6810000,AMORTIZACION MOBILIARIO FRIO,17.55,17.55,D,5186,1,2025,243
2025-08-31,6810000,AMORTIZACION MOBILIARIO FRIO,17.55,17.55,D,5186,1,2025,243
2025-09-30,6810000,AMORTIZACION MOBILIARIO FRIO,16.98,16.98,D,5186,1,2025,243
2025-10-31,6810000,AMORTIZACION MOBILIARIO FRIO,17.55,17.55,D,5186,1,2025,243
2025-11-30,6810000,AMORTIZACION MOBILIARIO FRIO,16.98,16.98,D,5186,1,2025,243
2025-12-31,6810000,AMORTIZACION MOBILIARIO FRIO,17.54,17.54,D,5186,1,2025,243
2025-01-31,6810000,AMORTIZACION VITRINA ESTANTES E INSTALACION,58.85,58.85,D,5186,1,2025,243
2025-02-28,6810000,AMORTIZACION VITRINA ESTANTES E INSTALACION,53.16,53.16,D,5186,1,2025,243
2025-03-31,6810000,AMORTIZACION VITRINA ESTANTES E INSTALACION,58.85,58.85,D,5186,1,2025,243
2025-04-30,6810000,AMORTIZACION VITRINA ESTANTES E INSTALACION,56.95,56.95,D,5186,1,2025,243
2025-05-31,6810000,AMORTIZACION VITRINA ESTANTES E INSTALACION,58.85,58.85,D,5186,1,2025,243
2025-06-30,6810000,AMORTIZACION VITRINA ESTANTES E INSTALACION,56.95,56.95,D,5186,1,2025,243
2025-07-31,6810000,AMORTIZACION VITRINA ESTANTES E INSTALACION,58.85,58.85,D,5186,1,2025,243
2025-08-31,6810000,AMORTIZACION VITRINA ESTANTES E INSTALACION,58.85,58.85,D,5186,1,2025,243
2025-09-30,6810000,AMORTIZACION VITRINA ESTANTES E INSTALACION,56.95,56.95,D,5186,1,2025,243
2025-10-31,6810000,AMORTIZACION VITRINA ESTANTES E INSTALACION,58.85,58.85,D,5186,1,2025,243
2025-11-30,6810000,AMORTIZACION VITRINA ESTANTES E INSTALACION,56.95,56.95,D,5186,1,2025,243
2025-12-31,6810000,AMORTIZACION VITRINA ESTANTES E INSTALACION,58.88,58.88,D,5186,1,2025,243
2025-01-31,7000010,FAST FOOD FACTORY ARENA SL VENTA MES 1,18801.73,18801.73,H,5186,1,2025,243
2025-01-31,7000011,FAST FOOD FACTORY ARENA SL VENTA MES 1,5347.09,5347.09,H,5186,1,2025,243
2025-01-31,7000014,FAST FOOD FACTORY ARENA SL VENTA MES 1,22048.75,22048.75,H,5186,1,2025,243
2025-01-31,7000015,FAST FOOD FACTORY ARENA SL VENTA MES 1,20897.64,20897.64,H,5186,1,2025,243
2025-01-31,7000020,FAST FOOD FACTORY ARENA SL VENTA MES 1,3363.91,3363.91,H,5186,1,2025,243
2025-01-31,7000021,FAST FOOD FACTORY ARENA SL VENTA MES 1,339.81,339.81,H,5186,1,2025,243
2025-01-31,7000022,FAST FOOD FACTORY ARENA SL VENTA MES 1,7742.35,7742.35,H,5186,1,2025,243
2025-01-31,7000023,FAST FOOD FACTORY ARENA SL VENTA MES 1,6111.43,6111.43,H,5186,1,2025,243
2025-01-31,7000024,FAST FOOD FACTORY ARENA SL VENTA MES 1,4919.14,4919.14,H,5186,1,2025,243
2025-01-31,7000026,FAST FOOD FACTORY ARENA SL VENTA MES 1,1212.64,1212.64,H,5186,1,2025,243
2025-01-31,7000030,FAST FOOD FACTORY ARENA SL VENTA MES 1,162.44,162.44,H,5186,1,2025,243
2025-01-31,7000030,FAST FOOD FACTORY ARENA SL VENTA MES 1,1092.31,1092.31,H,5186,1,2025,243
2025-01-31,7000030,FAST FOOD FACTORY ARENA SL VENTA MES 1,30.08,30.08,H,5186,1,2025,243
2025-01-31,7000030,FAST FOOD FACTORY ARENA SL VENTA MES 1,34.58,34.58,H,5186,1,2025,243
2025-01-31,7000030,FAST FOOD FACTORY ARENA SL VENTA MES 1,665.43,665.43,H,5186,1,2025,243
2025-01-31,7000030,FAST FOOD FACTORY ARENA SL VENTA MES 1,6.58,6.58,H,5186,1,2025,243
2025-01-31,7000040,FAST FOOD FACTORY ARENA SL VENTA MES 1,8.25,8.25,H,5186,1,2025,243
2025-01-31,7000040,FAST FOOD FACTORY ARENA SL VENTA MES 1,305.79,305.79,H,5186,1,2025,243
2025-01-31,7000060,FAST FOOD FACTORY ARENA SL VENTA MES 1,46.26,46.26,H,5186,1,2025,243
2025-01-31,7080010,FAST FOOD FACTORY ARENA SL VENTA MES 1,33.6,33.6,D,5186,1,2025,243
2025-01-31,7080011,FAST FOOD FACTORY ARENA SL VENTA MES 1,7.43,7.43,D,5186,1,2025,243
2025-01-31,7080014,FAST FOOD FACTORY ARENA SL VENTA MES 1,36.01,36.01,D,5186,1,2025,243
2025-01-31,7080015,FAST FOOD FACTORY ARENA SL VENTA MES 1,4.85,4.85,D,5186,1,2025,243
2025-01-31,7080022,FAST FOOD FACTORY ARENA SL VENTA MES 1,3.14,3.14,D,5186,1,2025,243
2025-01-31,7080023,FAST FOOD FACTORY ARENA SL VENTA MES 1,4.19,4.19,D,5186,1,2025,243
2025-01-31,7080030,FAST FOOD FACTORY ARENA SL VENTA MES 1,0.25,0.25,D,5186,1,2025,243
2025-01-31,7080030,FAST FOOD FACTORY ARENA SL VENTA MES 1,2.47,2.47,D,5186,1,2025,243
2025-01-31,7080030,FAST FOOD FACTORY ARENA SL VENTA MES 1,0.9,0.9,D,5186,1,2025,243
2025-01-21,7590010,CENTROS COMERCIALES  N. FRA:  0555300249,65.01,65.01,H,5186,1,2025,243
