Código ATICA,Tienda,Código EST,Sección,Demarca Controlada,Demarca Incontrolada
007G,Rincón de la Victoria,8313,10,107.54,98.05
007G,Rincón de la Victoria,8313,11,66.56,86.99
007G,Rincón de la Victoria,8313,14,456.71,170.24
007G,Rincón de la Victoria,8313,15,635.03,96.07
007G,Rincón de la Victoria,8313,20,66.09,20.89
007G,Rincón de la Victoria,8313,21,35.69,2.21
007G,Rincón de la Victoria,8313,22,356.51,50.75
007G,Rincón de la Victoria,8313,23,272.64,57.70
007G,Rincón de la Victoria,8313,24,18.58,34.50
007G,Rincón de la Victoria,8313,26,10.11,2.00
007G,Rincón de la Victoria,8313,30,0.00,0.00
007G,Rincón de la Victoria,8313,31,54.82,0.00
007G,Rincón de la Victoria,8313,32,4.35,0.00
007G,Rincón de la Victoria,8313,33,0.00,0.00
007G,Rincón de la Victoria,8313,34,20.28,0.00
007G,Rincón de la Victoria,8313,35,0.00,0.00
007G,Rincón de la Victoria,8313,45,0.00,0.00
007G,Rincón de la Victoria,8313,67,0.00,0.00
00HI,Av Zarauz 88,8266,10,159.99,75.22
00HI,Av Zarauz 88,8266,11,0.00,89.00
00HI,Av Zarauz 88,8266,14,16.66,225.06
00HI,Av Zarauz 88,8266,15,162.39,131.13
00HI,Av Zarauz 88,8266,20,11.28,21.96
00HI,Av Zarauz 88,8266,21,8.76,9.86
00HI,Av Zarauz 88,8266,22,636.51,201.28
00HI,Av Zarauz 88,8266,23,0.00,157.40
00HI,Av Zarauz 88,8266,24,41.60,117.82
00HI,Av Zarauz 88,8266,26,0.00,8.35
00HI,Av Zarauz 88,8266,30,0.00,0.00
00HI,Av Zarauz 88,8266,31,0.00,0.00
00HI,Av Zarauz 88,8266,33,0.00,0.00
00HI,Av Zarauz 88,8266,34,0.00,0.00
00RG,Lierganes,8181,10,14.21,41.34
00RG,Lierganes,8181,11,20.85,33.38
00RG,Lierganes,8181,14,77.73,91.48
00RG,Lierganes,8181,15,663.25,64.81
00RG,Lierganes,8181,20,37.97,16.27
00RG,Lierganes,8181,21,12.41,2.99
00RG,Lierganes,8181,22,197.75,45.94
00RG,Lierganes,8181,23,277.51,42.92
00RG,Lierganes,8181,24,195.75,8.03
00RG,Lierganes,8181,26,260.48,4.39
00RG,Lierganes,8181,30,0.00,0.00
00RG,Lierganes,8181,31,8.63,0.00
00RG,Lierganes,8181,32,0.00,0.00
00RG,Lierganes,8181,33,0.00,0.00
00RG,Lierganes,8181,34,0.54,0.00
00RG,Lierganes,8181,45,0.00,0.00
00TE,"Calle Sauceda, 5",8224,10,135.28,62.45
00TE,"Calle Sauceda, 5",8224,11,42.14,64.25
00TE,"Calle Sauceda, 5",8224,14,140.52,116.14
00TE,"Calle Sauceda, 5",8224,15,563.94,75.55
00TE,"Calle Sauceda, 5",8224,20,161.44,19.11
00TE,"Calle Sauceda, 5",8224,21,5.56,0.95
00TE,"Calle Sauceda, 5",8224,22,335.82,67.28
00TE,"Calle Sauceda, 5",8224,23,450.10,92.18
00TE,"Calle Sauceda, 5",8224,24,238.90,5.79
00TE,"Calle Sauceda, 5",8224,26,71.92,14.37
00TE,"Calle Sauceda, 5",8224,30,0.00,0.00
00TE,"Calle Sauceda, 5",8224,31,13.03,0.00
00TE,"Calle Sauceda, 5",8224,32,0.00,0.00
00TE,"Calle Sauceda, 5",8224,33,0.00,0.00
00TE,"Calle Sauceda, 5",8224,34,0.00,0.00
00TE,"Calle Sauceda, 5",8224,45,0.00,0.00
4186,Calle Arriba nº 4,4272,10,44.95,48.60
4186,Calle Arriba nº 4,4272,11,46.71,40.46
4186,Calle Arriba nº 4,4272,14,91.99,86.06
4186,Calle Arriba nº 4,4272,15,357.36,50.16
4186,Calle Arriba nº 4,4272,20,14.18,8.67
4186,Calle Arriba nº 4,4272,21,34.93,1.15
4186,Calle Arriba nº 4,4272,22,151.29,22.35
4186,Calle Arriba nº 4,4272,23,117.88,56.80
4186,Calle Arriba nº 4,4272,24,58.46,5.23
4186,Calle Arriba nº 4,4272,26,19.97,1.96
4186,Calle Arriba nº 4,4272,30,0.00,0.00
4186,Calle Arriba nº 4,4272,31,3.50,0.00
4186,Calle Arriba nº 4,4272,32,0.00,0.00
4186,Calle Arriba nº 4,4272,33,0.00,0.00
4186,Calle Arriba nº 4,4272,34,0.00,0.00
4186,Calle Arriba nº 4,4272,45,0.00,0.00
4186,Calle Arriba nº 4,4272,62,0.00,0.00
4204,"Puente Arce,2",4284,10,0.00,28.96
4204,"Puente Arce,2",4284,11,1.52,20.26
4204,"Puente Arce,2",4284,14,83.01,54.04
4204,"Puente Arce,2",4284,15,119.01,34.79
4204,"Puente Arce,2",4284,20,11.13,7.29
4204,"Puente Arce,2",4284,21,0.00,1.77
4204,"Puente Arce,2",4284,22,10.94,39.91
4204,"Puente Arce,2",4284,23,14.95,27.14
4204,"Puente Arce,2",4284,24,0.00,17.40
4204,"Puente Arce,2",4284,26,5.72,1.47
4204,"Puente Arce,2",4284,30,0.00,0.00
4204,"Puente Arce,2",4284,31,0.99,0.00
4204,"Puente Arce,2",4284,32,0.00,0.00
4204,"Puente Arce,2",4284,33,0.00,0.00
4204,"Puente Arce,2",4284,34,0.00,0.00
4204,"Puente Arce,2",4284,45,0.00,0.00
4204,"Puente Arce,2",4284,62,0.00,0.00
4234,Calle Damian Tellez Lafuente,4313,10,22.34,49.07
4234,Calle Damian Tellez Lafuente,4313,11,5.44,65.45
4234,Calle Damian Tellez Lafuente,4313,14,245.06,113.23
4234,Calle Damian Tellez Lafuente,4313,15,392.22,71.25
4234,Calle Damian Tellez Lafuente,4313,20,101.79,36.30
4234,Calle Damian Tellez Lafuente,4313,21,48.73,0.78
4234,Calle Damian Tellez Lafuente,4313,22,240.82,39.30
4234,Calle Damian Tellez Lafuente,4313,23,254.12,25.71
4234,Calle Damian Tellez Lafuente,4313,24,13.07,2.85
4234,Calle Damian Tellez Lafuente,4313,26,36.67,4.32
4234,Calle Damian Tellez Lafuente,4313,30,0.00,0.00
4234,Calle Damian Tellez Lafuente,4313,31,2.96,0.00
4234,Calle Damian Tellez Lafuente,4313,32,0.00,0.00
4234,Calle Damian Tellez Lafuente,4313,33,0.00,0.00
4234,Calle Damian Tellez Lafuente,4313,34,0.00,0.00
4234,Calle Damian Tellez Lafuente,4313,43,0.00,0.00
4234,Calle Damian Tellez Lafuente,4313,45,0.00,0.00
4238,Torrent de L'Olla,4317,10,0.00,54.49
4238,Torrent de L'Olla,4317,11,0.00,39.84
4238,Torrent de L'Olla,4317,13,0.00,0.00
4238,Torrent de L'Olla,4317,14,36.05,79.54
4238,Torrent de L'Olla,4317,15,531.47,80.65
4238,Torrent de L'Olla,4317,20,12.75,8.86
4238,Torrent de L'Olla,4317,21,0.00,0.67
4238,Torrent de L'Olla,4317,22,174.85,32.64
4238,Torrent de L'Olla,4317,23,25.66,13.92
4238,Torrent de L'Olla,4317,24,0.00,3.25
4238,Torrent de L'Olla,4317,26,5.05,3.14
4238,Torrent de L'Olla,4317,30,0.00,0.00
4238,Torrent de L'Olla,4317,31,0.00,0.00
4238,Torrent de L'Olla,4317,32,0.00,0.00
4238,Torrent de L'Olla,4317,33,0.00,0.00
4238,Torrent de L'Olla,4317,34,0.00,0.00
4261,"Avda. de los Castros, 79",4338,10,22.41,48.50
4261,"Avda. de los Castros, 79",4338,11,3.20,42.01
4261,"Avda. de los Castros, 79",4338,13,2.33,0.00
4261,"Avda. de los Castros, 79",4338,14,84.11,128.07
4261,"Avda. de los Castros, 79",4338,15,488.05,69.88
4261,"Avda. de los Castros, 79",4338,20,72.74,15.30
4261,"Avda. de los Castros, 79",4338,21,4.23,2.50
4261,"Avda. de los Castros, 79",4338,22,582.88,57.39
4261,"Avda. de los Castros, 79",4338,23,231.12,58.07
4261,"Avda. de los Castros, 79",4338,24,111.15,7.66
4261,"Avda. de los Castros, 79",4338,26,52.89,10.43
4261,"Avda. de los Castros, 79",4338,30,0.00,0.00
4261,"Avda. de los Castros, 79",4338,31,8.36,0.00
4261,"Avda. de los Castros, 79",4338,32,0.00,0.00
4261,"Avda. de los Castros, 79",4338,33,0.00,0.00
4261,"Avda. de los Castros, 79",4338,34,1.22,0.00
4261,"Avda. de los Castros, 79",4338,45,0.00,0.00
4342,LEIOA - AVDA. IPARRAGUIRR,4394,10,2.60,41.71
4342,LEIOA - AVDA. IPARRAGUIRR,4394,11,47.83,68.98
4342,LEIOA - AVDA. IPARRAGUIRR,4394,14,10.14,125.11
4342,LEIOA - AVDA. IPARRAGUIRR,4394,15,375.12,67.02
4342,LEIOA - AVDA. IPARRAGUIRR,4394,20,125.44,13.79
4342,LEIOA - AVDA. IPARRAGUIRR,4394,21,6.63,1.61
4342,LEIOA - AVDA. IPARRAGUIRR,4394,22,505.00,91.87
4342,LEIOA - AVDA. IPARRAGUIRR,4394,23,212.56,56.15
4342,LEIOA - AVDA. IPARRAGUIRR,4394,24,37.04,5.32
4342,LEIOA - AVDA. IPARRAGUIRR,4394,26,113.55,5.33
4342,LEIOA - AVDA. IPARRAGUIRR,4394,30,0.00,0.00
4342,LEIOA - AVDA. IPARRAGUIRR,4394,31,5.17,0.00
4342,LEIOA - AVDA. IPARRAGUIRR,4394,32,0.00,0.00
4342,LEIOA - AVDA. IPARRAGUIRR,4394,33,0.00,0.00
4342,LEIOA - AVDA. IPARRAGUIRR,4394,34,0.00,0.00
4342,LEIOA - AVDA. IPARRAGUIRR,4394,45,0.00,0.00
4499,"C/ Francisco Vaca Morales, nº 8",4491,10,95.03,52.36
4499,"C/ Francisco Vaca Morales, nº 8",4491,11,83.29,54.11
4499,"C/ Francisco Vaca Morales, nº 8",4491,14,214.94,99.64
4499,"C/ Francisco Vaca Morales, nº 8",4491,15,227.19,64.65
4499,"C/ Francisco Vaca Morales, nº 8",4491,20,80.80,14.77
4499,"C/ Francisco Vaca Morales, nº 8",4491,21,31.82,2.57
4499,"C/ Francisco Vaca Morales, nº 8",4491,22,259.96,52.38
4499,"C/ Francisco Vaca Morales, nº 8",4491,23,241.61,69.28
4499,"C/ Francisco Vaca Morales, nº 8",4491,24,365.85,8.67
4499,"C/ Francisco Vaca Morales, nº 8",4491,26,36.80,17.25
4499,"C/ Francisco Vaca Morales, nº 8",4491,30,0.00,0.00
4499,"C/ Francisco Vaca Morales, nº 8",4491,31,9.73,0.00
4499,"C/ Francisco Vaca Morales, nº 8",4491,32,0.00,0.00
4499,"C/ Francisco Vaca Morales, nº 8",4491,33,0.00,0.00
4499,"C/ Francisco Vaca Morales, nº 8",4491,34,13.31,0.00
4499,"C/ Francisco Vaca Morales, nº 8",4491,43,0.00,0.00
4499,"C/ Francisco Vaca Morales, nº 8",4491,45,0.00,0.00
4499,"C/ Francisco Vaca Morales, nº 8",4491,64,95.66,0.00
4541,Avda de Pardaleras nº 2,4525,10,30.66,42.35
4541,Avda de Pardaleras nº 2,4525,11,0.00,59.57
4541,Avda de Pardaleras nº 2,4525,14,60.88,98.14
4541,Avda de Pardaleras nº 2,4525,15,184.12,73.50
4541,Avda de Pardaleras nº 2,4525,20,25.64,14.12
4541,Avda de Pardaleras nº 2,4525,21,28.73,2.47
4541,Avda de Pardaleras nº 2,4525,22,369.03,73.60
4541,Avda de Pardaleras nº 2,4525,23,171.57,50.81
4541,Avda de Pardaleras nº 2,4525,24,154.21,8.07
4541,Avda de Pardaleras nº 2,4525,26,46.74,6.51
4541,Avda de Pardaleras nº 2,4525,30,0.00,0.00
4541,Avda de Pardaleras nº 2,4525,31,0.00,0.00
4541,Avda de Pardaleras nº 2,4525,32,0.00,0.00
4541,Avda de Pardaleras nº 2,4525,33,0.00,0.00
4541,Avda de Pardaleras nº 2,4525,34,0.00,0.00
4541,Avda de Pardaleras nº 2,4525,45,0.00,0.00
4554,"Plaza del Ángel, 11",4533,10,253.13,68.71
4554,"Plaza del Ángel, 11",4533,11,31.42,54.09
4554,"Plaza del Ángel, 11",4533,14,217.75,100.11
4554,"Plaza del Ángel, 11",4533,15,243.59,64.28
4554,"Plaza del Ángel, 11",4533,20,48.30,16.23
4554,"Plaza del Ángel, 11",4533,21,42.91,0.40
4554,"Plaza del Ángel, 11",4533,22,411.36,81.73
4554,"Plaza del Ángel, 11",4533,23,87.84,57.78
4554,"Plaza del Ángel, 11",4533,24,24.02,6.42
4554,"Plaza del Ángel, 11",4533,26,19.54,21.27
4554,"Plaza del Ángel, 11",4533,30,0.00,0.00
4554,"Plaza del Ángel, 11",4533,31,3.39,0.00
4554,"Plaza del Ángel, 11",4533,32,0.00,0.00
4554,"Plaza del Ángel, 11",4533,33,0.00,0.00
4554,"Plaza del Ángel, 11",4533,34,7.02,0.00
4554,"Plaza del Ángel, 11",4533,45,0.00,0.00
4554,"Plaza del Ángel, 11",4533,63,0.00,0.00
4554,"Plaza del Ángel, 11",4533,64,0.00,0.00
4554,"Plaza del Ángel, 11",4533,65,0.00,0.00
4561,Juan Sebastián el Cano,4538,10,2.97,40.38
4561,Juan Sebastián el Cano,4538,11,12.03,50.36
4561,Juan Sebastián el Cano,4538,14,436.53,82.50
4561,Juan Sebastián el Cano,4538,15,156.07,56.43
4561,Juan Sebastián el Cano,4538,20,34.03,10.23
4561,Juan Sebastián el Cano,4538,21,2.91,1.01
4561,Juan Sebastián el Cano,4538,22,138.87,31.17
4561,Juan Sebastián el Cano,4538,23,30.13,53.75
4561,Juan Sebastián el Cano,4538,24,168.34,5.96
4561,Juan Sebastián el Cano,4538,26,18.85,11.32
4561,Juan Sebastián el Cano,4538,30,0.00,0.00
4561,Juan Sebastián el Cano,4538,31,1.40,0.00
4561,Juan Sebastián el Cano,4538,32,0.00,0.00
4561,Juan Sebastián el Cano,4538,33,0.00,0.00
4561,Juan Sebastián el Cano,4538,34,0.00,0.00
4561,Juan Sebastián el Cano,4538,45,0.00,0.00
4561,Juan Sebastián el Cano,4538,62,0.00,0.00
4561,Juan Sebastián el Cano,4538,63,0.00,0.00
4598,Plaza Conde Torre del Fresno nº2,4559,10,20.30,53.49
4598,Plaza Conde Torre del Fresno nº2,4559,11,7.80,68.87
4598,Plaza Conde Torre del Fresno nº2,4559,14,100.51,149.85
4598,Plaza Conde Torre del Fresno nº2,4559,15,33.24,80.60
4598,Plaza Conde Torre del Fresno nº2,4559,20,28.94,16.97
4598,Plaza Conde Torre del Fresno nº2,4559,21,76.14,4.66
4598,Plaza Conde Torre del Fresno nº2,4559,22,146.23,58.25
4598,Plaza Conde Torre del Fresno nº2,4559,23,160.04,73.55
4598,Plaza Conde Torre del Fresno nº2,4559,24,102.16,10.05
4598,Plaza Conde Torre del Fresno nº2,4559,26,127.76,5.25
4598,Plaza Conde Torre del Fresno nº2,4559,30,0.00,0.00
4598,Plaza Conde Torre del Fresno nº2,4559,31,0.00,0.00
4598,Plaza Conde Torre del Fresno nº2,4559,32,0.00,0.00
4598,Plaza Conde Torre del Fresno nº2,4559,33,0.00,0.00
4598,Plaza Conde Torre del Fresno nº2,4559,34,0.00,0.00
4598,Plaza Conde Torre del Fresno nº2,4559,45,0.00,0.00
4598,Plaza Conde Torre del Fresno nº2,4559,61,0.00,0.00
4666,Santa Coloma 2,4610,10,59.45,54.87
4666,Santa Coloma 2,4610,11,51.22,42.21
4666,Santa Coloma 2,4610,14,315.40,66.97
4666,Santa Coloma 2,4610,15,355.35,80.82
4666,Santa Coloma 2,4610,20,23.93,7.45
4666,Santa Coloma 2,4610,21,39.08,0.37
4666,Santa Coloma 2,4610,22,3904.43,16.15
4666,Santa Coloma 2,4610,23,51.50,42.82
4666,Santa Coloma 2,4610,24,120.16,1.99
4666,Santa Coloma 2,4610,26,15.16,3.10
4666,Santa Coloma 2,4610,30,0.00,0.00
4666,Santa Coloma 2,4610,31,0.00,0.00
4666,Santa Coloma 2,4610,32,0.00,0.00
4666,Santa Coloma 2,4610,33,0.00,0.00
4666,Santa Coloma 2,4610,34,26.74,0.00
4666,Santa Coloma 2,4610,35,0.00,0.00
4666,Santa Coloma 2,4610,41,0.00,0.00
4745,Gremi Tintorers 4,4672,10,57.22,90.45
4745,Gremi Tintorers 4,4672,11,51.94,70.31
4745,Gremi Tintorers 4,4672,14,154.36,136.90
4745,Gremi Tintorers 4,4672,15,451.84,78.19
4745,Gremi Tintorers 4,4672,20,144.07,20.39
4745,Gremi Tintorers 4,4672,21,117.24,2.65
4745,Gremi Tintorers 4,4672,22,816.30,71.75
4745,Gremi Tintorers 4,4672,23,440.30,109.00
4745,Gremi Tintorers 4,4672,24,63.41,2.76
4745,Gremi Tintorers 4,4672,26,113.38,89.02
4745,Gremi Tintorers 4,4672,30,0.00,0.00
4745,Gremi Tintorers 4,4672,31,0.57,0.00
4745,Gremi Tintorers 4,4672,32,0.00,0.00
4745,Gremi Tintorers 4,4672,33,4.05,0.00
4745,Gremi Tintorers 4,4672,34,0.00,0.00
4745,Gremi Tintorers 4,4672,35,0.00,0.00
4745,Gremi Tintorers 4,4672,41,0.00,0.00
4745,Gremi Tintorers 4,4672,43,0.00,0.00
4745,Gremi Tintorers 4,4672,45,0.00,0.00
4745,Gremi Tintorers 4,4672,62,0.00,0.00
4745,Gremi Tintorers 4,4672,63,0.00,0.00
4745,Gremi Tintorers 4,4672,64,0.00,0.00
4745,Gremi Tintorers 4,4672,67,0.00,0.00
4761,Arzobispo Guisasola 42,4687,10,4.44,56.60
4761,Arzobispo Guisasola 42,4687,11,16.53,49.99
4761,Arzobispo Guisasola 42,4687,14,45.64,110.82
4761,Arzobispo Guisasola 42,4687,15,171.57,88.98
4761,Arzobispo Guisasola 42,4687,20,79.16,15.26
4761,Arzobispo Guisasola 42,4687,21,29.96,3.67
4761,Arzobispo Guisasola 42,4687,22,333.32,66.06
4761,Arzobispo Guisasola 42,4687,23,47.48,63.38
4761,Arzobispo Guisasola 42,4687,24,393.70,9.86
4761,Arzobispo Guisasola 42,4687,26,129.97,6.53
4761,Arzobispo Guisasola 42,4687,30,0.00,0.00
4761,Arzobispo Guisasola 42,4687,31,6.70,0.00
4761,Arzobispo Guisasola 42,4687,32,0.00,0.00
4761,Arzobispo Guisasola 42,4687,33,0.00,0.00
4761,Arzobispo Guisasola 42,4687,34,0.00,0.00
4761,Arzobispo Guisasola 42,4687,45,0.00,0.00
4802,Shultz 2,4717,10,10.13,78.16
4802,Shultz 2,4717,11,17.51,56.80
4802,Shultz 2,4717,13,0.00,0.00
4802,Shultz 2,4717,14,212.81,134.80
4802,Shultz 2,4717,15,252.28,94.02
4802,Shultz 2,4717,20,124.97,18.88
4802,Shultz 2,4717,21,55.31,2.58
4802,Shultz 2,4717,22,561.80,93.53
4802,Shultz 2,4717,23,264.16,176.82
4802,Shultz 2,4717,24,407.85,21.33
4802,Shultz 2,4717,26,25.47,12.64
4802,Shultz 2,4717,30,0.00,0.00
4802,Shultz 2,4717,31,5.13,0.00
4802,Shultz 2,4717,32,0.00,0.00
4802,Shultz 2,4717,33,0.00,0.00
4802,Shultz 2,4717,34,0.90,0.00
4802,Shultz 2,4717,45,0.00,0.00
4802,Shultz 2,4717,62,0.00,0.00
4802,Shultz 2,4717,67,0.00,0.00
4827,L'or 48,4736,10,4.08,24.18
4827,L'or 48,4736,11,0.00,21.31
4827,L'or 48,4736,14,105.74,41.90
4827,L'or 48,4736,15,175.43,32.39
4827,L'or 48,4736,20,17.64,3.56
4827,L'or 48,4736,21,50.91,0.37
4827,L'or 48,4736,22,120.76,11.34
4827,L'or 48,4736,23,2.52,4.67
4827,L'or 48,4736,24,0.00,1.54
4827,L'or 48,4736,26,0.00,0.73
4827,L'or 48,4736,30,0.00,0.00
4827,L'or 48,4736,31,0.00,0.00
4827,L'or 48,4736,32,0.00,0.00
4827,L'or 48,4736,33,0.00,0.00
4827,L'or 48,4736,34,2.94,0.00
4827,L'or 48,4736,45,0.00,0.00
4903,"Calle Cardenal Cervantes, 12",4804,10,30.30,41.04
4903,"Calle Cardenal Cervantes, 12",4804,11,4.69,40.49
4903,"Calle Cardenal Cervantes, 12",4804,14,214.95,82.98
4903,"Calle Cardenal Cervantes, 12",4804,15,561.54,57.79
4903,"Calle Cardenal Cervantes, 12",4804,20,310.80,15.97
4903,"Calle Cardenal Cervantes, 12",4804,21,14.66,1.09
4903,"Calle Cardenal Cervantes, 12",4804,22,616.91,45.58
4903,"Calle Cardenal Cervantes, 12",4804,23,328.31,58.49
4903,"Calle Cardenal Cervantes, 12",4804,24,108.07,4.49
4903,"Calle Cardenal Cervantes, 12",4804,26,55.56,11.89
4903,"Calle Cardenal Cervantes, 12",4804,30,0.00,0.00
4903,"Calle Cardenal Cervantes, 12",4804,31,0.00,0.00
4903,"Calle Cardenal Cervantes, 12",4804,32,0.00,0.00
4903,"Calle Cardenal Cervantes, 12",4804,33,0.00,0.00
4903,"Calle Cardenal Cervantes, 12",4804,34,0.00,0.00
4903,"Calle Cardenal Cervantes, 12",4804,45,0.00,0.00
4943,Avda Constitución Alcobendas,4843,10,24.77,66.86
4943,Avda Constitución Alcobendas,4843,11,0.84,90.49
4943,Avda Constitución Alcobendas,4843,13,0.00,0.00
4943,Avda Constitución Alcobendas,4843,14,54.84,154.36
4943,Avda Constitución Alcobendas,4843,15,203.87,126.44
4943,Avda Constitución Alcobendas,4843,20,96.42,24.12
4943,Avda Constitución Alcobendas,4843,21,25.98,4.41
4943,Avda Constitución Alcobendas,4843,22,268.33,50.90
4943,Avda Constitución Alcobendas,4843,23,142.75,141.51
4943,Avda Constitución Alcobendas,4843,24,179.35,18.35
4943,Avda Constitución Alcobendas,4843,26,65.90,13.01
4943,Avda Constitución Alcobendas,4843,30,0.00,0.00
4943,Avda Constitución Alcobendas,4843,31,0.00,0.00
4943,Avda Constitución Alcobendas,4843,32,0.00,0.00
4943,Avda Constitución Alcobendas,4843,33,0.00,0.00
4943,Avda Constitución Alcobendas,4843,34,0.00,0.00
4943,Avda Constitución Alcobendas,4843,40,0.00,0.00
4943,Avda Constitución Alcobendas,4843,45,0.00,0.00
4943,Avda Constitución Alcobendas,4843,60,0.00,0.00
4975,"Calderón de la Barca 2, 8",4872,10,22.58,60.06
4975,"Calderón de la Barca 2, 8",4872,11,9.41,30.51
4975,"Calderón de la Barca 2, 8",4872,14,85.64,84.14
4975,"Calderón de la Barca 2, 8",4872,15,161.90,67.95
4975,"Calderón de la Barca 2, 8",4872,20,27.86,13.05
4975,"Calderón de la Barca 2, 8",4872,21,0.00,0.81
4975,"Calderón de la Barca 2, 8",4872,22,379.67,41.51
4975,"Calderón de la Barca 2, 8",4872,23,41.56,39.53
4975,"Calderón de la Barca 2, 8",4872,24,10.85,2.34
4975,"Calderón de la Barca 2, 8",4872,26,26.38,4.61
4975,"Calderón de la Barca 2, 8",4872,30,0.00,0.00
4975,"Calderón de la Barca 2, 8",4872,31,0.00,0.00
4975,"Calderón de la Barca 2, 8",4872,32,0.00,0.00
4975,"Calderón de la Barca 2, 8",4872,33,0.00,0.00
4975,"Calderón de la Barca 2, 8",4872,34,1.92,0.00
4975,"Calderón de la Barca 2, 8",4872,35,0.00,0.00
4975,"Calderón de la Barca 2, 8",4872,45,0.00,0.00
4975,"Calderón de la Barca 2, 8",4872,67,0.00,0.00
5008,Calle de la Ronda 32,4897,10,141.93,61.40
5008,Calle de la Ronda 32,4897,11,18.72,60.35
5008,Calle de la Ronda 32,4897,14,68.78,154.10
5008,Calle de la Ronda 32,4897,15,496.24,102.82
5008,Calle de la Ronda 32,4897,20,148.23,21.14
5008,Calle de la Ronda 32,4897,21,67.38,3.14
5008,Calle de la Ronda 32,4897,22,487.68,84.46
5008,Calle de la Ronda 32,4897,23,292.15,74.46
5008,Calle de la Ronda 32,4897,24,97.94,13.42
5008,Calle de la Ronda 32,4897,26,89.54,9.52
5008,Calle de la Ronda 32,4897,30,0.00,0.00
5008,Calle de la Ronda 32,4897,31,21.37,0.00
5008,Calle de la Ronda 32,4897,32,0.57,0.00
5008,Calle de la Ronda 32,4897,33,0.00,0.00
5008,Calle de la Ronda 32,4897,34,1.02,0.00
5008,Calle de la Ronda 32,4897,45,0.00,0.00
5082,Lopez Mateo 11,4960,10,0.00,78.42
5082,Lopez Mateo 11,4960,11,0.00,65.18
5082,Lopez Mateo 11,4960,13,0.00,0.00
5082,Lopez Mateo 11,4960,14,0.00,134.36
5082,Lopez Mateo 11,4960,15,130.64,116.13
5082,Lopez Mateo 11,4960,20,15.64,13.29
5082,Lopez Mateo 11,4960,21,5.84,1.17
5082,Lopez Mateo 11,4960,22,58.94,42.43
5082,Lopez Mateo 11,4960,23,20.23,96.01
5082,Lopez Mateo 11,4960,24,405.72,11.81
5082,Lopez Mateo 11,4960,26,0.00,3.34
5082,Lopez Mateo 11,4960,30,0.00,0.00
5082,Lopez Mateo 11,4960,31,0.00,0.00
5082,Lopez Mateo 11,4960,32,0.00,0.00
5082,Lopez Mateo 11,4960,33,0.00,0.00
5082,Lopez Mateo 11,4960,34,0.00,0.00
5082,Lopez Mateo 11,4960,43,0.00,0.00
5082,Lopez Mateo 11,4960,45,0.00,0.00
5103,Corcega 388,4979,10,0.00,51.98
5103,Corcega 388,4979,11,19.52,41.95
5103,Corcega 388,4979,14,30.10,90.94
5103,Corcega 388,4979,15,93.71,73.83
5103,Corcega 388,4979,20,4.40,9.31
5103,Corcega 388,4979,21,17.06,0.99
5103,Corcega 388,4979,22,732.72,46.67
5103,Corcega 388,4979,23,2.52,18.54
5103,Corcega 388,4979,24,0.00,3.68
5103,Corcega 388,4979,26,0.00,3.53
5103,Corcega 388,4979,30,0.00,0.00
5103,Corcega 388,4979,31,0.00,0.00
5103,Corcega 388,4979,32,0.00,0.00
5103,Corcega 388,4979,33,0.00,0.00
5103,Corcega 388,4979,34,0.00,0.00
5103,Corcega 388,4979,43,0.00,0.00
5103,Corcega 388,4979,65,0.00,0.00
5169,"AV President Companys, 72",5054,10,54.86,77.18
5169,"AV President Companys, 72",5054,11,6.09,62.08
5169,"AV President Companys, 72",5054,14,62.90,120.33
5169,"AV President Companys, 72",5054,15,525.88,101.35
5169,"AV President Companys, 72",5054,20,41.83,16.76
5169,"AV President Companys, 72",5054,21,35.46,1.83
5169,"AV President Companys, 72",5054,22,248.47,69.30
5169,"AV President Companys, 72",5054,23,18.79,64.13
5169,"AV President Companys, 72",5054,24,4.12,9.00
5169,"AV President Companys, 72",5054,26,417.12,15.08
5169,"AV President Companys, 72",5054,30,0.00,0.00
5169,"AV President Companys, 72",5054,31,0.00,0.00
5169,"AV President Companys, 72",5054,32,0.00,0.00
5169,"AV President Companys, 72",5054,33,0.00,0.00
5169,"AV President Companys, 72",5054,34,2.10,0.00
5169,"AV President Companys, 72",5054,35,0.00,0.00
5169,"AV President Companys, 72",5054,45,0.00,0.00
5248,"Paseo General Davila, 306",5077,10,11.73,57.10
5248,"Paseo General Davila, 306",5077,11,23.57,54.82
5248,"Paseo General Davila, 306",5077,14,27.43,128.17
5248,"Paseo General Davila, 306",5077,15,332.79,82.68
5248,"Paseo General Davila, 306",5077,20,43.55,17.79
5248,"Paseo General Davila, 306",5077,21,5.84,3.39
5248,"Paseo General Davila, 306",5077,22,364.94,74.94
5248,"Paseo General Davila, 306",5077,23,67.83,50.64
5248,"Paseo General Davila, 306",5077,24,74.72,9.79
5248,"Paseo General Davila, 306",5077,26,85.07,5.86
5248,"Paseo General Davila, 306",5077,30,0.00,0.00
5248,"Paseo General Davila, 306",5077,31,4.70,0.00
5248,"Paseo General Davila, 306",5077,32,0.00,0.00
5248,"Paseo General Davila, 306",5077,33,0.00,0.00
5248,"Paseo General Davila, 306",5077,34,0.00,0.00
5248,"Paseo General Davila, 306",5077,45,0.00,0.00
5248,"Paseo General Davila, 306",5077,61,0.00,0.00
5262,"Ramon Jara, 31",5090,10,0.00,26.92
5262,"Ramon Jara, 31",5090,11,0.00,64.62
5262,"Ramon Jara, 31",5090,14,23.32,85.75
5262,"Ramon Jara, 31",5090,15,3.93,50.36
5262,"Ramon Jara, 31",5090,20,0.00,34.11
5262,"Ramon Jara, 31",5090,21,0.00,1.76
5262,"Ramon Jara, 31",5090,22,1.97,48.01
5262,"Ramon Jara, 31",5090,23,23.61,90.19
5262,"Ramon Jara, 31",5090,24,4.77,26.68
5262,"Ramon Jara, 31",5090,26,23.48,11.51
5262,"Ramon Jara, 31",5090,30,0.00,0.00
5262,"Ramon Jara, 31",5090,31,0.00,0.00
5262,"Ramon Jara, 31",5090,32,0.00,0.00
5262,"Ramon Jara, 31",5090,33,0.00,0.00
5262,"Ramon Jara, 31",5090,34,0.00,0.00
5262,"Ramon Jara, 31",5090,35,0.00,0.00
5262,"Ramon Jara, 31",5090,45,0.00,0.00
5265,"Av. Ancares 10, Bajos",5093,10,0.00,45.45
5265,"Av. Ancares 10, Bajos",5093,11,0.00,43.54
5265,"Av. Ancares 10, Bajos",5093,14,0.00,83.98
5265,"Av. Ancares 10, Bajos",5093,15,18.80,77.38
5265,"Av. Ancares 10, Bajos",5093,20,6.95,41.36
5265,"Av. Ancares 10, Bajos",5093,21,0.00,25.33
5265,"Av. Ancares 10, Bajos",5093,22,17.75,104.23
5265,"Av. Ancares 10, Bajos",5093,23,4.73,57.16
5265,"Av. Ancares 10, Bajos",5093,24,0.00,23.90
5265,"Av. Ancares 10, Bajos",5093,26,0.00,1.24
5265,"Av. Ancares 10, Bajos",5093,30,0.00,0.00
5265,"Av. Ancares 10, Bajos",5093,31,0.00,0.00
5265,"Av. Ancares 10, Bajos",5093,32,0.00,0.00
5265,"Av. Ancares 10, Bajos",5093,33,0.00,0.00
5265,"Av. Ancares 10, Bajos",5093,34,0.00,0.00
5265,"Av. Ancares 10, Bajos",5093,45,0.00,0.00
5265,"Av. Ancares 10, Bajos",5093,64,0.00,0.00
5273,"Poeta Paco Aquino, 23",5099,10,53.70,77.36
5273,"Poeta Paco Aquino, 23",5099,11,23.37,92.86
5273,"Poeta Paco Aquino, 23",5099,14,27.18,157.26
5273,"Poeta Paco Aquino, 23",5099,15,316.55,116.54
5273,"Poeta Paco Aquino, 23",5099,20,98.21,29.13
5273,"Poeta Paco Aquino, 23",5099,21,30.32,3.20
5273,"Poeta Paco Aquino, 23",5099,22,410.33,78.89
5273,"Poeta Paco Aquino, 23",5099,23,267.09,133.40
5273,"Poeta Paco Aquino, 23",5099,24,87.11,10.73
5273,"Poeta Paco Aquino, 23",5099,26,60.73,13.45
5273,"Poeta Paco Aquino, 23",5099,30,0.00,0.00
5273,"Poeta Paco Aquino, 23",5099,31,0.00,0.00
5273,"Poeta Paco Aquino, 23",5099,32,0.00,0.00
5273,"Poeta Paco Aquino, 23",5099,33,0.00,0.00
5273,"Poeta Paco Aquino, 23",5099,34,5.47,0.00
5273,"Poeta Paco Aquino, 23",5099,43,0.00,0.00
5273,"Poeta Paco Aquino, 23",5099,61,0.00,0.00
5286,"Calle San Antonio, 55",5109,10,3.32,63.30
5286,"Calle San Antonio, 55",5109,11,4.79,45.43
5286,"Calle San Antonio, 55",5109,14,25.57,99.04
5286,"Calle San Antonio, 55",5109,15,46.49,60.34
5286,"Calle San Antonio, 55",5109,20,0.00,13.50
5286,"Calle San Antonio, 55",5109,21,0.00,1.37
5286,"Calle San Antonio, 55",5109,22,402.52,54.29
5286,"Calle San Antonio, 55",5109,23,27.64,50.31
5286,"Calle San Antonio, 55",5109,24,86.79,9.06
5286,"Calle San Antonio, 55",5109,26,2.65,4.21
5286,"Calle San Antonio, 55",5109,30,0.00,0.00
5286,"Calle San Antonio, 55",5109,31,0.00,0.00
5286,"Calle San Antonio, 55",5109,33,0.00,0.00
5286,"Calle San Antonio, 55",5109,34,0.00,0.00
5286,"Calle San Antonio, 55",5109,45,0.00,0.00
5381,"Av. Pais Valencia, 22",5161,10,14.94,69.37
5381,"Av. Pais Valencia, 22",5161,11,17.67,80.24
5381,"Av. Pais Valencia, 22",5161,14,65.75,178.84
5381,"Av. Pais Valencia, 22",5161,15,383.76,124.96
5381,"Av. Pais Valencia, 22",5161,20,65.88,64.27
5381,"Av. Pais Valencia, 22",5161,21,42.24,24.69
5381,"Av. Pais Valencia, 22",5161,22,0.00,166.23
5381,"Av. Pais Valencia, 22",5161,23,15.87,119.97
5381,"Av. Pais Valencia, 22",5161,24,35.51,63.13
5381,"Av. Pais Valencia, 22",5161,26,4.17,1.76
5381,"Av. Pais Valencia, 22",5161,30,0.00,0.00
5381,"Av. Pais Valencia, 22",5161,31,11.26,0.00
5381,"Av. Pais Valencia, 22",5161,32,0.00,0.00
5381,"Av. Pais Valencia, 22",5161,33,0.00,0.00
5381,"Av. Pais Valencia, 22",5161,34,0.00,0.00
5381,"Av. Pais Valencia, 22",5161,41,0.00,0.00
5381,"Av. Pais Valencia, 22",5161,45,0.00,0.00
5417,"Ctra General 2, El crucero",5166,10,19.29,31.00
5417,"Ctra General 2, El crucero",5166,11,49.08,37.40
5417,"Ctra General 2, El crucero",5166,14,91.79,81.52
5417,"Ctra General 2, El crucero",5166,15,578.12,61.64
5417,"Ctra General 2, El crucero",5166,20,159.26,30.24
5417,"Ctra General 2, El crucero",5166,21,726.03,3.32
5417,"Ctra General 2, El crucero",5166,22,681.56,54.96
5417,"Ctra General 2, El crucero",5166,23,163.02,61.71
5417,"Ctra General 2, El crucero",5166,24,21.84,16.66
5417,"Ctra General 2, El crucero",5166,26,124.23,3.40
5417,"Ctra General 2, El crucero",5166,30,0.00,0.00
5417,"Ctra General 2, El crucero",5166,31,0.00,0.00
5417,"Ctra General 2, El crucero",5166,32,0.00,0.00
5417,"Ctra General 2, El crucero",5166,33,0.00,0.00
5417,"Ctra General 2, El crucero",5166,34,0.90,0.00
5417,"Ctra General 2, El crucero",5166,35,0.00,0.00
5417,"Ctra General 2, El crucero",5166,41,0.00,0.00
5417,"Ctra General 2, El crucero",5166,43,0.00,0.00
5417,"Ctra General 2, El crucero",5166,44,0.00,0.00
5417,"Ctra General 2, El crucero",5166,45,0.00,0.00
5417,"Ctra General 2, El crucero",5166,60,0.00,0.00
5417,"Ctra General 2, El crucero",5166,61,0.00,0.00
5417,"Ctra General 2, El crucero",5166,62,0.00,0.00
5417,"Ctra General 2, El crucero",5166,63,0.00,0.00
5417,"Ctra General 2, El crucero",5166,64,0.00,0.00
5417,"Ctra General 2, El crucero",5166,65,0.00,0.00
5417,"Ctra General 2, El crucero",5166,67,0.00,0.00
5419,"Calle Villajoyoya, 87",5167,10,8.62,54.20
5419,"Calle Villajoyoya, 87",5167,11,0.00,50.71
5419,"Calle Villajoyoya, 87",5167,14,57.08,101.22
5419,"Calle Villajoyoya, 87",5167,15,373.73,82.62
5419,"Calle Villajoyoya, 87",5167,20,40.63,14.98
5419,"Calle Villajoyoya, 87",5167,21,0.00,2.61
5419,"Calle Villajoyoya, 87",5167,22,453.76,64.15
5419,"Calle Villajoyoya, 87",5167,23,199.98,86.98
5419,"Calle Villajoyoya, 87",5167,24,197.70,14.98
5419,"Calle Villajoyoya, 87",5167,26,80.90,10.66
5419,"Calle Villajoyoya, 87",5167,30,0.00,0.00
5419,"Calle Villajoyoya, 87",5167,31,0.06,0.00
5419,"Calle Villajoyoya, 87",5167,32,0.00,0.00
5419,"Calle Villajoyoya, 87",5167,33,0.00,0.00
5419,"Calle Villajoyoya, 87",5167,34,33.03,0.00
5419,"Calle Villajoyoya, 87",5167,45,0.00,0.00
5419,"Calle Villajoyoya, 87",5167,65,0.00,0.00
5489,Avda. Manuel Candela 56,5186,10,2.52,76.39
5489,Avda. Manuel Candela 56,5186,11,0.00,50.03
5489,Avda. Manuel Candela 56,5186,14,44.73,121.51
5489,Avda. Manuel Candela 56,5186,15,289.67,86.70
5489,Avda. Manuel Candela 56,5186,20,34.90,16.08
5489,Avda. Manuel Candela 56,5186,21,0.00,1.64
5489,Avda. Manuel Candela 56,5186,22,537.92,61.84
5489,Avda. Manuel Candela 56,5186,23,108.33,77.44
5489,Avda. Manuel Candela 56,5186,24,208.24,10.43
5489,Avda. Manuel Candela 56,5186,26,82.71,15.51
5489,Avda. Manuel Candela 56,5186,30,0.00,0.00
5489,Avda. Manuel Candela 56,5186,31,0.00,0.00
5489,Avda. Manuel Candela 56,5186,32,0.00,0.00
5489,Avda. Manuel Candela 56,5186,33,0.00,0.00
5489,Avda. Manuel Candela 56,5186,34,0.00,0.00
5489,Avda. Manuel Candela 56,5186,35,0.00,0.00
5489,Avda. Manuel Candela 56,5186,43,0.00,0.00
5489,Avda. Manuel Candela 56,5186,45,0.00,0.00
5489,Avda. Manuel Candela 56,5186,61,0.00,0.00
5490,"Calle Aguado, 29",5187,10,7.90,53.75
5490,"Calle Aguado, 29",5187,11,88.94,50.76
5490,"Calle Aguado, 29",5187,14,185.43,107.65
5490,"Calle Aguado, 29",5187,15,651.88,77.40
5490,"Calle Aguado, 29",5187,20,61.83,17.70
5490,"Calle Aguado, 29",5187,21,15.79,1.57
5490,"Calle Aguado, 29",5187,22,445.23,90.98
5490,"Calle Aguado, 29",5187,23,202.87,115.08
5490,"Calle Aguado, 29",5187,24,355.37,9.94
5490,"Calle Aguado, 29",5187,26,45.86,10.50
5490,"Calle Aguado, 29",5187,30,0.00,0.00
5490,"Calle Aguado, 29",5187,31,0.00,0.00
5490,"Calle Aguado, 29",5187,32,0.00,0.00
5490,"Calle Aguado, 29",5187,33,0.00,0.00
5490,"Calle Aguado, 29",5187,34,0.00,0.00
5490,"Calle Aguado, 29",5187,45,0.00,0.00
5490,"Calle Aguado, 29",5187,61,0.00,0.00
5490,"Calle Aguado, 29",5187,67,0.00,0.00
5505,"Calle Francesc Artau, 2",5197,10,60.21,52.93
5505,"Calle Francesc Artau, 2",5197,11,20.74,54.58
5505,"Calle Francesc Artau, 2",5197,14,168.35,111.31
5505,"Calle Francesc Artau, 2",5197,15,525.36,68.97
5505,"Calle Francesc Artau, 2",5197,20,32.51,10.26
5505,"Calle Francesc Artau, 2",5197,21,49.76,1.19
5505,"Calle Francesc Artau, 2",5197,22,61.73,47.73
5505,"Calle Francesc Artau, 2",5197,23,46.95,49.85
5505,"Calle Francesc Artau, 2",5197,24,313.59,7.71
5505,"Calle Francesc Artau, 2",5197,26,38.32,7.44
5505,"Calle Francesc Artau, 2",5197,30,0.00,0.00
5505,"Calle Francesc Artau, 2",5197,31,0.00,0.00
5505,"Calle Francesc Artau, 2",5197,32,0.00,0.00
5505,"Calle Francesc Artau, 2",5197,33,0.00,0.00
5505,"Calle Francesc Artau, 2",5197,34,12.60,0.00
5505,"Calle Francesc Artau, 2",5197,35,0.00,0.00
5505,"Calle Francesc Artau, 2",5197,43,0.00,0.00
5505,"Calle Francesc Artau, 2",5197,45,0.00,0.00
5520,"C/ Cervantes, 89-91",5201,10,138.28,82.50
5520,"C/ Cervantes, 89-91",5201,11,15.07,101.60
5520,"C/ Cervantes, 89-91",5201,13,0.00,0.00
5520,"C/ Cervantes, 89-91",5201,14,178.31,192.19
5520,"C/ Cervantes, 89-91",5201,15,539.56,134.15
5520,"C/ Cervantes, 89-91",5201,20,65.88,29.00
5520,"C/ Cervantes, 89-91",5201,21,85.11,92.62
5520,"C/ Cervantes, 89-91",5201,22,757.17,137.56
5520,"C/ Cervantes, 89-91",5201,23,174.71,45.55
5520,"C/ Cervantes, 89-91",5201,24,40.72,11.98
5520,"C/ Cervantes, 89-91",5201,26,93.53,10.66
5520,"C/ Cervantes, 89-91",5201,30,0.00,0.00
5520,"C/ Cervantes, 89-91",5201,31,3.66,0.00
5520,"C/ Cervantes, 89-91",5201,32,0.00,0.00
5520,"C/ Cervantes, 89-91",5201,33,0.00,0.00
5520,"C/ Cervantes, 89-91",5201,34,0.00,0.00
5520,"C/ Cervantes, 89-91",5201,45,0.00,0.00
5535,"Calle de la Ginesta, 3",5206,11,0.00,0.00
5535,"Calle de la Ginesta, 3",5206,14,0.00,0.00
5535,"Calle de la Ginesta, 3",5206,22,0.00,0.00
5535,"Calle de la Ginesta, 3",5206,23,0.00,0.00
5535,"Calle de la Ginesta, 3",5206,24,0.00,0.00
5542,Calle Donantes de Sangre 21,5213,10,17.22,45.22
5542,Calle Donantes de Sangre 21,5213,11,3.98,30.13
5542,Calle Donantes de Sangre 21,5213,14,87.93,82.30
5542,Calle Donantes de Sangre 21,5213,15,421.79,54.12
5542,Calle Donantes de Sangre 21,5213,20,73.14,9.32
5542,Calle Donantes de Sangre 21,5213,21,33.38,1.90
5542,Calle Donantes de Sangre 21,5213,22,333.60,53.30
5542,Calle Donantes de Sangre 21,5213,23,66.87,46.35
5542,Calle Donantes de Sangre 21,5213,24,169.03,8.91
5542,Calle Donantes de Sangre 21,5213,26,55.65,4.67
5542,Calle Donantes de Sangre 21,5213,30,0.00,0.00
5542,Calle Donantes de Sangre 21,5213,31,0.00,0.00
5542,Calle Donantes de Sangre 21,5213,32,0.00,0.00
5542,Calle Donantes de Sangre 21,5213,33,0.00,0.00
5542,Calle Donantes de Sangre 21,5213,34,23.37,0.00
5542,Calle Donantes de Sangre 21,5213,45,0.00,0.00
5569,"Calle Gerona, 15",5237,10,29.87,54.33
5569,"Calle Gerona, 15",5237,11,7.21,51.97
5569,"Calle Gerona, 15",5237,13,0.00,0.00
5569,"Calle Gerona, 15",5237,14,145.68,108.93
5569,"Calle Gerona, 15",5237,15,257.61,71.06
5569,"Calle Gerona, 15",5237,20,53.63,15.81
5569,"Calle Gerona, 15",5237,21,2.77,2.53
5569,"Calle Gerona, 15",5237,22,526.71,44.68
5569,"Calle Gerona, 15",5237,23,103.71,58.55
5569,"Calle Gerona, 15",5237,24,378.71,6.16
5569,"Calle Gerona, 15",5237,26,33.69,8.34
5569,"Calle Gerona, 15",5237,30,0.00,0.00
5569,"Calle Gerona, 15",5237,31,0.00,0.00
5569,"Calle Gerona, 15",5237,32,0.00,0.00
5569,"Calle Gerona, 15",5237,33,0.00,0.00
5569,"Calle Gerona, 15",5237,34,0.00,0.00
5569,"Calle Gerona, 15",5237,45,0.00,0.00
5571,Calle Marques de San Esteban 12,5239,10,4.73,51.35
5571,Calle Marques de San Esteban 12,5239,11,1.42,31.02
5571,Calle Marques de San Esteban 12,5239,14,73.95,78.46
5571,Calle Marques de San Esteban 12,5239,15,309.10,51.93
5571,Calle Marques de San Esteban 12,5239,20,8.16,12.17
5571,Calle Marques de San Esteban 12,5239,21,299.42,2.80
5571,Calle Marques de San Esteban 12,5239,22,237.90,46.27
5571,Calle Marques de San Esteban 12,5239,23,396.39,77.80
5571,Calle Marques de San Esteban 12,5239,24,89.14,4.78
5571,Calle Marques de San Esteban 12,5239,26,21.13,9.22
5571,Calle Marques de San Esteban 12,5239,30,0.00,0.00
5571,Calle Marques de San Esteban 12,5239,31,5.24,0.00
5571,Calle Marques de San Esteban 12,5239,32,0.00,0.00
5571,Calle Marques de San Esteban 12,5239,33,0.00,0.00
5571,Calle Marques de San Esteban 12,5239,34,0.73,0.00
5571,Calle Marques de San Esteban 12,5239,35,0.00,0.00
5571,Calle Marques de San Esteban 12,5239,45,0.00,0.00
5626,AV DE ANDALUCIA 10,5286,10,6.63,51.03
5626,AV DE ANDALUCIA 10,5286,11,20.59,25.20
5626,AV DE ANDALUCIA 10,5286,13,0.00,0.00
5626,AV DE ANDALUCIA 10,5286,14,30.40,80.49
5626,AV DE ANDALUCIA 10,5286,15,88.63,58.16
5626,AV DE ANDALUCIA 10,5286,20,6.04,14.60
5626,AV DE ANDALUCIA 10,5286,21,5.12,1.73
5626,AV DE ANDALUCIA 10,5286,22,316.91,50.57
5626,AV DE ANDALUCIA 10,5286,23,85.74,57.05
5626,AV DE ANDALUCIA 10,5286,24,93.78,9.79
5626,AV DE ANDALUCIA 10,5286,26,0.00,8.53
5626,AV DE ANDALUCIA 10,5286,30,0.00,0.00
5626,AV DE ANDALUCIA 10,5286,31,0.00,0.00
5626,AV DE ANDALUCIA 10,5286,33,0.00,0.00
5626,AV DE ANDALUCIA 10,5286,34,0.00,0.00
5626,AV DE ANDALUCIA 10,5286,45,0.00,0.00
5644,Plaza de la Merced,5302,10,27.15,219.34
5644,Plaza de la Merced,5302,11,7.90,110.20
5644,Plaza de la Merced,5302,13,0.00,0.00
5644,Plaza de la Merced,5302,14,42.80,287.61
5644,Plaza de la Merced,5302,15,281.32,148.64
5644,Plaza de la Merced,5302,20,19.65,44.37
5644,Plaza de la Merced,5302,21,12.79,2.39
5644,Plaza de la Merced,5302,22,298.50,179.35
5644,Plaza de la Merced,5302,23,215.49,167.14
5644,Plaza de la Merced,5302,24,63.17,12.78
5644,Plaza de la Merced,5302,26,32.46,25.35
5644,Plaza de la Merced,5302,30,0.00,0.00
5644,Plaza de la Merced,5302,31,0.58,0.00
5644,Plaza de la Merced,5302,32,0.00,0.00
5644,Plaza de la Merced,5302,33,13.62,0.00
5644,Plaza de la Merced,5302,34,0.00,0.00
5644,Plaza de la Merced,5302,40,0.00,0.00
5644,Plaza de la Merced,5302,41,0.00,0.00
5644,Plaza de la Merced,5302,44,0.00,0.00
5644,Plaza de la Merced,5302,61,0.00,0.00
5644,Plaza de la Merced,5302,67,0.00,0.00
5660,Francesc layret 128,5315,10,6.10,77.00
5660,Francesc layret 128,5315,11,3.77,47.89
5660,Francesc layret 128,5315,14,1.24,114.22
5660,Francesc layret 128,5315,15,125.64,85.00
5660,Francesc layret 128,5315,20,14.09,13.85
5660,Francesc layret 128,5315,21,4.06,1.41
5660,Francesc layret 128,5315,22,357.64,87.09
5660,Francesc layret 128,5315,23,0.00,44.84
5660,Francesc layret 128,5315,24,69.38,19.31
5660,Francesc layret 128,5315,26,0.00,5.59
5660,Francesc layret 128,5315,30,0.00,0.00
5660,Francesc layret 128,5315,31,0.00,0.00
5660,Francesc layret 128,5315,32,0.00,0.00
5660,Francesc layret 128,5315,33,0.00,0.00
5660,Francesc layret 128,5315,34,0.00,0.00
5660,Francesc layret 128,5315,45,0.00,0.00
5667,Calle Santa Engracia 115,5322,10,104.49,57.36
5667,Calle Santa Engracia 115,5322,11,20.05,74.04
5667,Calle Santa Engracia 115,5322,14,264.27,134.82
5667,Calle Santa Engracia 115,5322,15,914.29,89.69
5667,Calle Santa Engracia 115,5322,20,129.29,19.22
5667,Calle Santa Engracia 115,5322,21,35.62,4.15
5667,Calle Santa Engracia 115,5322,22,418.87,69.34
5667,Calle Santa Engracia 115,5322,23,377.50,49.76
5667,Calle Santa Engracia 115,5322,24,112.46,8.41
5667,Calle Santa Engracia 115,5322,26,136.12,25.27
5667,Calle Santa Engracia 115,5322,30,0.00,0.00
5667,Calle Santa Engracia 115,5322,31,0.06,0.00
5667,Calle Santa Engracia 115,5322,32,0.34,0.00
5667,Calle Santa Engracia 115,5322,33,0.00,0.00
5667,Calle Santa Engracia 115,5322,34,23.96,0.00
5667,Calle Santa Engracia 115,5322,41,0.00,0.00
5667,Calle Santa Engracia 115,5322,45,0.00,0.00
5667,Calle Santa Engracia 115,5322,62,0.00,0.00
5667,Calle Santa Engracia 115,5322,63,0.00,0.00
5720,AVENIDA CABO DE GATA 86,5368,10,4.50,57.99
5720,AVENIDA CABO DE GATA 86,5368,11,3.62,45.90
5720,AVENIDA CABO DE GATA 86,5368,14,25.61,90.64
5720,AVENIDA CABO DE GATA 86,5368,15,459.87,72.87
5720,AVENIDA CABO DE GATA 86,5368,20,33.88,20.27
5720,AVENIDA CABO DE GATA 86,5368,21,0.00,1.40
5720,AVENIDA CABO DE GATA 86,5368,22,545.98,60.12
5720,AVENIDA CABO DE GATA 86,5368,23,279.47,93.24
5720,AVENIDA CABO DE GATA 86,5368,24,317.32,10.22
5720,AVENIDA CABO DE GATA 86,5368,26,57.30,7.65
5720,AVENIDA CABO DE GATA 86,5368,30,0.00,0.00
5720,AVENIDA CABO DE GATA 86,5368,31,0.00,0.00
5720,AVENIDA CABO DE GATA 86,5368,32,0.00,0.00
5720,AVENIDA CABO DE GATA 86,5368,33,0.00,0.00
5720,AVENIDA CABO DE GATA 86,5368,34,0.00,0.00
5720,AVENIDA CABO DE GATA 86,5368,35,0.00,0.00
5720,AVENIDA CABO DE GATA 86,5368,45,0.00,0.00
5722,Calle Caravel.la S/N,5370,10,4.27,69.41
5722,Calle Caravel.la S/N,5370,11,2.05,17.57
5722,Calle Caravel.la S/N,5370,14,37.51,56.10
5722,Calle Caravel.la S/N,5370,15,422.17,27.38
5722,Calle Caravel.la S/N,5370,20,35.75,7.00
5722,Calle Caravel.la S/N,5370,21,74.19,0.24
5722,Calle Caravel.la S/N,5370,22,649.83,27.05
5722,Calle Caravel.la S/N,5370,23,351.88,48.10
5722,Calle Caravel.la S/N,5370,24,71.35,0.87
5722,Calle Caravel.la S/N,5370,26,55.16,7.54
5722,Calle Caravel.la S/N,5370,30,0.00,0.00
5722,Calle Caravel.la S/N,5370,31,0.00,0.00
5722,Calle Caravel.la S/N,5370,32,0.00,0.00
5722,Calle Caravel.la S/N,5370,33,0.00,0.00
5722,Calle Caravel.la S/N,5370,34,0.00,0.00
5722,Calle Caravel.la S/N,5370,43,0.00,0.00
5722,Calle Caravel.la S/N,5370,45,0.00,0.00
5722,Calle Caravel.la S/N,5370,67,0.00,0.00
5726,"Calle Estepona 2, (Plaza de la Iglesia 1)",5374,10,44.74,57.96
5726,"Calle Estepona 2, (Plaza de la Iglesia 1)",5374,11,4.88,32.53
5726,"Calle Estepona 2, (Plaza de la Iglesia 1)",5374,14,8.45,86.48
5726,"Calle Estepona 2, (Plaza de la Iglesia 1)",5374,15,2.33,56.32
5726,"Calle Estepona 2, (Plaza de la Iglesia 1)",5374,20,45.72,10.93
5726,"Calle Estepona 2, (Plaza de la Iglesia 1)",5374,21,0.00,1.10
5726,"Calle Estepona 2, (Plaza de la Iglesia 1)",5374,22,219.16,51.45
5726,"Calle Estepona 2, (Plaza de la Iglesia 1)",5374,23,131.76,53.42
5726,"Calle Estepona 2, (Plaza de la Iglesia 1)",5374,24,226.84,10.14
5726,"Calle Estepona 2, (Plaza de la Iglesia 1)",5374,26,42.17,5.40
5726,"Calle Estepona 2, (Plaza de la Iglesia 1)",5374,30,0.00,0.00
5726,"Calle Estepona 2, (Plaza de la Iglesia 1)",5374,31,0.00,0.00
5726,"Calle Estepona 2, (Plaza de la Iglesia 1)",5374,32,0.00,0.00
5726,"Calle Estepona 2, (Plaza de la Iglesia 1)",5374,33,0.00,0.00
5726,"Calle Estepona 2, (Plaza de la Iglesia 1)",5374,34,0.00,0.00
5726,"Calle Estepona 2, (Plaza de la Iglesia 1)",5374,45,0.00,0.00
5731,"Calle Marqués de la Hermida, 14,",5379,10,16.22,33.91
5731,"Calle Marqués de la Hermida, 14,",5379,11,19.51,31.89
5731,"Calle Marqués de la Hermida, 14,",5379,14,69.26,92.60
5731,"Calle Marqués de la Hermida, 14,",5379,15,752.04,55.02
5731,"Calle Marqués de la Hermida, 14,",5379,20,73.72,11.38
5731,"Calle Marqués de la Hermida, 14,",5379,21,9.18,1.30
5731,"Calle Marqués de la Hermida, 14,",5379,22,347.11,39.17
5731,"Calle Marqués de la Hermida, 14,",5379,23,358.56,52.70
5731,"Calle Marqués de la Hermida, 14,",5379,24,149.50,5.95
5731,"Calle Marqués de la Hermida, 14,",5379,26,74.81,7.54
5731,"Calle Marqués de la Hermida, 14,",5379,30,0.00,0.00
5731,"Calle Marqués de la Hermida, 14,",5379,31,6.64,0.00
5731,"Calle Marqués de la Hermida, 14,",5379,32,0.00,0.00
5731,"Calle Marqués de la Hermida, 14,",5379,33,0.00,0.00
5731,"Calle Marqués de la Hermida, 14,",5379,34,0.00,0.00
5731,"Calle Marqués de la Hermida, 14,",5379,35,0.00,0.00
5731,"Calle Marqués de la Hermida, 14,",5379,45,0.00,0.00
5743,"C/ Narcís Monturiol,72-74",5389,10,13.24,88.36
5743,"C/ Narcís Monturiol,72-74",5389,11,39.76,63.73
5743,"C/ Narcís Monturiol,72-74",5389,14,197.83,154.48
5743,"C/ Narcís Monturiol,72-74",5389,15,133.94,119.86
5743,"C/ Narcís Monturiol,72-74",5389,20,105.98,25.11
5743,"C/ Narcís Monturiol,72-74",5389,21,52.54,4.36
5743,"C/ Narcís Monturiol,72-74",5389,22,799.68,83.02
5743,"C/ Narcís Monturiol,72-74",5389,23,25.54,81.28
5743,"C/ Narcís Monturiol,72-74",5389,24,307.03,17.12
5743,"C/ Narcís Monturiol,72-74",5389,26,22.51,11.64
5743,"C/ Narcís Monturiol,72-74",5389,30,0.00,0.00
5743,"C/ Narcís Monturiol,72-74",5389,31,12.32,0.00
5743,"C/ Narcís Monturiol,72-74",5389,32,0.00,0.00
5743,"C/ Narcís Monturiol,72-74",5389,33,0.52,0.00
5743,"C/ Narcís Monturiol,72-74",5389,34,56.20,0.00
5743,"C/ Narcís Monturiol,72-74",5389,35,0.00,0.00
5748,CALLE RAMON Y CAJAL 48,5394,10,5.66,74.08
5748,CALLE RAMON Y CAJAL 48,5394,11,17.79,60.84
5748,CALLE RAMON Y CAJAL 48,5394,14,36.84,149.35
5748,CALLE RAMON Y CAJAL 48,5394,15,285.88,101.36
5748,CALLE RAMON Y CAJAL 48,5394,20,89.00,24.15
5748,CALLE RAMON Y CAJAL 48,5394,21,0.00,1.90
5748,CALLE RAMON Y CAJAL 48,5394,22,365.34,102.11
5748,CALLE RAMON Y CAJAL 48,5394,23,246.23,126.11
5748,CALLE RAMON Y CAJAL 48,5394,24,65.17,14.76
5748,CALLE RAMON Y CAJAL 48,5394,26,189.13,16.95
5748,CALLE RAMON Y CAJAL 48,5394,30,0.59,0.00
5748,CALLE RAMON Y CAJAL 48,5394,31,8.83,0.00
5748,CALLE RAMON Y CAJAL 48,5394,32,0.00,0.00
5748,CALLE RAMON Y CAJAL 48,5394,33,0.00,0.00
5748,CALLE RAMON Y CAJAL 48,5394,34,1.80,0.00
5748,CALLE RAMON Y CAJAL 48,5394,35,0.00,0.00
5748,CALLE RAMON Y CAJAL 48,5394,45,0.00,0.00
5757,"Camí Ral, 156",5402,10,0.00,13.75
5757,"Camí Ral, 156",5402,11,0.00,15.22
5757,"Camí Ral, 156",5402,14,0.00,47.02
5757,"Camí Ral, 156",5402,15,0.00,34.25
5757,"Camí Ral, 156",5402,20,0.00,7.24
5757,"Camí Ral, 156",5402,21,0.00,0.49
5757,"Camí Ral, 156",5402,22,0.00,4.07
5757,"Camí Ral, 156",5402,23,0.00,3.32
5757,"Camí Ral, 156",5402,24,0.00,1.75
5757,"Camí Ral, 156",5402,26,0.00,0.92
5757,"Camí Ral, 156",5402,31,0.00,0.00
5757,"Camí Ral, 156",5402,33,0.00,0.00
5757,"Camí Ral, 156",5402,34,0.00,0.00
5757,"Camí Ral, 156",5402,35,0.00,0.00
5764,"AV. JUAN CARLOS I, 12",5409,10,522.00,39.91
5764,"AV. JUAN CARLOS I, 12",5409,11,204.85,48.94
5764,"AV. JUAN CARLOS I, 12",5409,14,747.74,94.72
5764,"AV. JUAN CARLOS I, 12",5409,15,791.99,67.17
5764,"AV. JUAN CARLOS I, 12",5409,20,152.16,15.22
5764,"AV. JUAN CARLOS I, 12",5409,21,14.52,2.24
5764,"AV. JUAN CARLOS I, 12",5409,22,44.69,64.27
5764,"AV. JUAN CARLOS I, 12",5409,23,244.83,63.79
5764,"AV. JUAN CARLOS I, 12",5409,24,43.17,8.66
5764,"AV. JUAN CARLOS I, 12",5409,26,60.61,6.16
5764,"AV. JUAN CARLOS I, 12",5409,30,0.00,0.00
5764,"AV. JUAN CARLOS I, 12",5409,31,14.64,0.00
5764,"AV. JUAN CARLOS I, 12",5409,33,0.64,0.00
5764,"AV. JUAN CARLOS I, 12",5409,34,76.30,0.00
5786,"AV PICASSO, 2",5430,10,27.45,118.26
5786,"AV PICASSO, 2",5430,11,0.56,53.39
5786,"AV PICASSO, 2",5430,13,0.00,0.00
5786,"AV PICASSO, 2",5430,14,201.44,132.58
5786,"AV PICASSO, 2",5430,15,1243.60,91.85
5786,"AV PICASSO, 2",5430,20,84.54,23.94
5786,"AV PICASSO, 2",5430,21,60.26,1.98
5786,"AV PICASSO, 2",5430,22,1224.47,94.80
5786,"AV PICASSO, 2",5430,23,236.12,102.87
5786,"AV PICASSO, 2",5430,24,693.61,7.39
5786,"AV PICASSO, 2",5430,26,108.63,13.05
5786,"AV PICASSO, 2",5430,30,0.00,0.00
5786,"AV PICASSO, 2",5430,31,1.04,0.00
5786,"AV PICASSO, 2",5430,32,0.00,0.00
5786,"AV PICASSO, 2",5430,33,0.00,0.00
5786,"AV PICASSO, 2",5430,34,29.72,0.00
5786,"AV PICASSO, 2",5430,45,0.00,0.00
5793,"Av. Garraf,63",5437,10,3.59,75.23
5793,"Av. Garraf,63",5437,11,13.50,43.98
5793,"Av. Garraf,63",5437,14,94.09,107.17
5793,"Av. Garraf,63",5437,15,1668.44,96.78
5793,"Av. Garraf,63",5437,20,92.72,16.17
5793,"Av. Garraf,63",5437,21,74.87,2.69
5793,"Av. Garraf,63",5437,22,479.41,58.55
5793,"Av. Garraf,63",5437,23,336.91,45.26
5793,"Av. Garraf,63",5437,24,286.59,9.80
5793,"Av. Garraf,63",5437,26,173.99,7.95
5793,"Av. Garraf,63",5437,30,0.00,0.00
5793,"Av. Garraf,63",5437,31,12.06,0.00
5793,"Av. Garraf,63",5437,32,0.00,0.00
5793,"Av. Garraf,63",5437,33,0.00,0.00
5793,"Av. Garraf,63",5437,34,3.66,0.00
5793,"Av. Garraf,63",5437,45,0.00,0.00
5799,"C/ Joan Maragall,29",5443,10,43.49,28.48
5799,"C/ Joan Maragall,29",5443,11,5.87,28.54
5799,"C/ Joan Maragall,29",5443,14,104.84,51.16
5799,"C/ Joan Maragall,29",5443,15,589.19,46.30
5799,"C/ Joan Maragall,29",5443,20,78.55,5.61
5799,"C/ Joan Maragall,29",5443,21,0.00,0.48
5799,"C/ Joan Maragall,29",5443,22,259.23,10.79
5799,"C/ Joan Maragall,29",5443,23,46.43,11.33
5799,"C/ Joan Maragall,29",5443,24,104.19,1.81
5799,"C/ Joan Maragall,29",5443,26,44.26,2.48
5799,"C/ Joan Maragall,29",5443,30,0.00,0.00
5799,"C/ Joan Maragall,29",5443,31,0.00,0.00
5799,"C/ Joan Maragall,29",5443,32,0.00,0.00
5799,"C/ Joan Maragall,29",5443,33,0.00,0.00
5799,"C/ Joan Maragall,29",5443,34,0.00,0.00
5799,"C/ Joan Maragall,29",5443,41,0.00,0.00
5812,"C/ AUGUSTO SUARES DE FIGUEROA, 6",5456,10,12.65,75.68
5812,"C/ AUGUSTO SUARES DE FIGUEROA, 6",5456,11,9.40,50.02
5812,"C/ AUGUSTO SUARES DE FIGUEROA, 6",5456,14,217.46,109.01
5812,"C/ AUGUSTO SUARES DE FIGUEROA, 6",5456,15,433.54,79.52
5812,"C/ AUGUSTO SUARES DE FIGUEROA, 6",5456,20,51.69,17.44
5812,"C/ AUGUSTO SUARES DE FIGUEROA, 6",5456,21,14.61,1.56
5812,"C/ AUGUSTO SUARES DE FIGUEROA, 6",5456,22,259.14,68.32
5812,"C/ AUGUSTO SUARES DE FIGUEROA, 6",5456,23,249.76,60.22
5812,"C/ AUGUSTO SUARES DE FIGUEROA, 6",5456,24,144.09,8.83
5812,"C/ AUGUSTO SUARES DE FIGUEROA, 6",5456,26,5.54,8.30
5812,"C/ AUGUSTO SUARES DE FIGUEROA, 6",5456,30,0.00,0.00
5812,"C/ AUGUSTO SUARES DE FIGUEROA, 6",5456,31,0.00,0.00
5812,"C/ AUGUSTO SUARES DE FIGUEROA, 6",5456,32,0.00,0.00
5812,"C/ AUGUSTO SUARES DE FIGUEROA, 6",5456,33,0.00,0.00
5812,"C/ AUGUSTO SUARES DE FIGUEROA, 6",5456,34,0.00,0.00
5812,"C/ AUGUSTO SUARES DE FIGUEROA, 6",5456,43,0.00,0.00
5812,"C/ AUGUSTO SUARES DE FIGUEROA, 6",5456,45,0.00,0.00
5813,"C/ OMS, 35",5457,10,0.00,95.54
5813,"C/ OMS, 35",5457,11,0.00,67.91
5813,"C/ OMS, 35",5457,14,0.00,155.14
5813,"C/ OMS, 35",5457,15,0.00,92.10
5813,"C/ OMS, 35",5457,20,0.00,20.31
5813,"C/ OMS, 35",5457,21,0.00,2.24
5813,"C/ OMS, 35",5457,22,0.00,92.69
5813,"C/ OMS, 35",5457,23,0.00,71.16
5813,"C/ OMS, 35",5457,24,0.00,12.23
5813,"C/ OMS, 35",5457,26,2.72,12.08
5813,"C/ OMS, 35",5457,30,0.00,0.00
5813,"C/ OMS, 35",5457,31,0.00,0.00
5813,"C/ OMS, 35",5457,32,0.00,0.00
5813,"C/ OMS, 35",5457,33,0.00,0.00
5813,"C/ OMS, 35",5457,34,0.00,0.00
5813,"C/ OMS, 35",5457,35,0.00,0.00
5813,"C/ OMS, 35",5457,45,0.00,0.00
5813,"C/ OMS, 35",5457,65,0.00,0.00
5825,PLAZA PAZ 8,5468,10,8.28,47.01
5825,PLAZA PAZ 8,5468,11,16.56,38.44
5825,PLAZA PAZ 8,5468,13,0.00,0.00
5825,PLAZA PAZ 8,5468,14,61.47,86.22
5825,PLAZA PAZ 8,5468,15,649.40,62.90
5825,PLAZA PAZ 8,5468,20,8.07,10.28
5825,PLAZA PAZ 8,5468,21,21.03,2.20
5825,PLAZA PAZ 8,5468,22,270.41,43.13
5825,PLAZA PAZ 8,5468,23,62.20,95.29
5825,PLAZA PAZ 8,5468,24,358.03,6.91
5825,PLAZA PAZ 8,5468,26,84.19,8.63
5825,PLAZA PAZ 8,5468,30,0.00,0.00
5825,PLAZA PAZ 8,5468,31,0.71,0.00
5825,PLAZA PAZ 8,5468,33,0.00,0.00
5825,PLAZA PAZ 8,5468,34,3.15,0.00
5825,PLAZA PAZ 8,5468,45,0.00,0.00
5833,"CALLE PILOÑA, 31",5471,10,371.13,21.31
5833,"CALLE PILOÑA, 31",5471,11,56.52,20.86
5833,"CALLE PILOÑA, 31",5471,14,221.08,50.27
5833,"CALLE PILOÑA, 31",5471,15,204.56,29.24
5833,"CALLE PILOÑA, 31",5471,20,2.49,6.23
5833,"CALLE PILOÑA, 31",5471,21,30.57,1.32
5833,"CALLE PILOÑA, 31",5471,22,300.21,37.96
5833,"CALLE PILOÑA, 31",5471,23,255.29,35.68
5833,"CALLE PILOÑA, 31",5471,24,175.77,2.85
5833,"CALLE PILOÑA, 31",5471,26,26.36,2.92
5833,"CALLE PILOÑA, 31",5471,30,0.00,0.00
5833,"CALLE PILOÑA, 31",5471,31,6.25,0.00
5833,"CALLE PILOÑA, 31",5471,32,0.00,0.00
5833,"CALLE PILOÑA, 31",5471,33,0.00,0.00
5833,"CALLE PILOÑA, 31",5471,34,23.96,0.00
5833,"CALLE PILOÑA, 31",5471,35,0.00,0.00
5833,"CALLE PILOÑA, 31",5471,67,0.00,0.00
5849,"Barrio La Rañada 14, Urbanización Montesol, Bloque 3 Local 9",5481,10,8.66,37.78
5849,"Barrio La Rañada 14, Urbanización Montesol, Bloque 3 Local 9",5481,11,1.52,26.39
5849,"Barrio La Rañada 14, Urbanización Montesol, Bloque 3 Local 9",5481,14,18.49,72.45
5849,"Barrio La Rañada 14, Urbanización Montesol, Bloque 3 Local 9",5481,15,186.17,45.70
5849,"Barrio La Rañada 14, Urbanización Montesol, Bloque 3 Local 9",5481,20,39.29,12.06
5849,"Barrio La Rañada 14, Urbanización Montesol, Bloque 3 Local 9",5481,21,0.00,1.48
5849,"Barrio La Rañada 14, Urbanización Montesol, Bloque 3 Local 9",5481,22,300.66,47.47
5849,"Barrio La Rañada 14, Urbanización Montesol, Bloque 3 Local 9",5481,23,145.00,57.06
5849,"Barrio La Rañada 14, Urbanización Montesol, Bloque 3 Local 9",5481,24,244.56,8.06
5849,"Barrio La Rañada 14, Urbanización Montesol, Bloque 3 Local 9",5481,26,68.09,5.50
5849,"Barrio La Rañada 14, Urbanización Montesol, Bloque 3 Local 9",5481,30,0.00,0.00
5849,"Barrio La Rañada 14, Urbanización Montesol, Bloque 3 Local 9",5481,31,0.00,0.00
5849,"Barrio La Rañada 14, Urbanización Montesol, Bloque 3 Local 9",5481,32,0.00,0.00
5849,"Barrio La Rañada 14, Urbanización Montesol, Bloque 3 Local 9",5481,33,0.00,0.00
5849,"Barrio La Rañada 14, Urbanización Montesol, Bloque 3 Local 9",5481,34,0.00,0.00
5849,"Barrio La Rañada 14, Urbanización Montesol, Bloque 3 Local 9",5481,35,0.00,0.00
5849,"Barrio La Rañada 14, Urbanización Montesol, Bloque 3 Local 9",5481,45,0.00,0.00
5849,"Barrio La Rañada 14, Urbanización Montesol, Bloque 3 Local 9",5481,65,0.00,0.00
5849,"Barrio La Rañada 14, Urbanización Montesol, Bloque 3 Local 9",5481,67,0.00,0.00
5858,C/ ARNAU D'OMS 29,5484,10,28.18,37.27
5858,C/ ARNAU D'OMS 29,5484,11,0.00,23.39
5858,C/ ARNAU D'OMS 29,5484,14,97.15,54.32
5858,C/ ARNAU D'OMS 29,5484,15,406.01,33.44
5858,C/ ARNAU D'OMS 29,5484,20,65.13,6.08
5858,C/ ARNAU D'OMS 29,5484,21,4.27,0.50
5858,C/ ARNAU D'OMS 29,5484,22,493.49,15.28
5858,C/ ARNAU D'OMS 29,5484,23,58.22,26.27
5858,C/ ARNAU D'OMS 29,5484,24,25.65,3.46
5858,C/ ARNAU D'OMS 29,5484,26,33.76,2.17
5858,C/ ARNAU D'OMS 29,5484,30,0.00,0.00
5858,C/ ARNAU D'OMS 29,5484,31,0.00,0.00
5858,C/ ARNAU D'OMS 29,5484,32,0.00,0.00
5858,C/ ARNAU D'OMS 29,5484,33,0.00,0.00
5858,C/ ARNAU D'OMS 29,5484,34,11.68,0.00
5858,C/ ARNAU D'OMS 29,5484,41,0.00,0.00
5858,C/ ARNAU D'OMS 29,5484,45,0.00,0.00
5901,"Av. Del Puerto, 3",5501,10,22.98,42.99
5901,"Av. Del Puerto, 3",5501,11,12.87,12.84
5901,"Av. Del Puerto, 3",5501,14,72.66,50.51
5901,"Av. Del Puerto, 3",5501,15,30.55,28.99
5901,"Av. Del Puerto, 3",5501,20,29.48,7.25
5901,"Av. Del Puerto, 3",5501,21,13.27,0.86
5901,"Av. Del Puerto, 3",5501,22,275.54,25.85
5901,"Av. Del Puerto, 3",5501,23,27.80,52.17
5901,"Av. Del Puerto, 3",5501,24,6.72,2.40
5901,"Av. Del Puerto, 3",5501,26,0.00,6.07
5901,"Av. Del Puerto, 3",5501,30,0.00,0.00
5901,"Av. Del Puerto, 3",5501,31,0.00,0.00
5901,"Av. Del Puerto, 3",5501,32,0.00,0.00
5901,"Av. Del Puerto, 3",5501,33,0.00,0.00
5901,"Av. Del Puerto, 3",5501,34,0.00,0.00
5910,Plaza Rafael Mingarro,5509,10,29.57,42.32
5910,Plaza Rafael Mingarro,5509,11,0.00,39.48
5910,Plaza Rafael Mingarro,5509,14,26.33,85.47
5910,Plaza Rafael Mingarro,5509,15,565.12,59.09
5910,Plaza Rafael Mingarro,5509,20,93.35,12.84
5910,Plaza Rafael Mingarro,5509,21,23.10,2.79
5910,Plaza Rafael Mingarro,5509,22,44.77,33.75
5910,Plaza Rafael Mingarro,5509,23,753.67,51.82
5910,Plaza Rafael Mingarro,5509,24,58.73,8.85
5910,Plaza Rafael Mingarro,5509,26,79.94,5.39
5910,Plaza Rafael Mingarro,5509,30,0.00,0.00
5910,Plaza Rafael Mingarro,5509,31,0.00,0.00
5910,Plaza Rafael Mingarro,5509,32,0.00,0.00
5910,Plaza Rafael Mingarro,5509,33,0.00,0.00
5910,Plaza Rafael Mingarro,5509,34,0.00,0.00
5910,Plaza Rafael Mingarro,5509,35,0.00,0.00
5910,Plaza Rafael Mingarro,5509,43,0.00,0.00
5910,Plaza Rafael Mingarro,5509,45,0.00,0.00
5914,"Av. Galicia, 7",5513,10,2.41,54.06
5914,"Av. Galicia, 7",5513,11,7.34,41.11
5914,"Av. Galicia, 7",5513,14,57.77,125.76
5914,"Av. Galicia, 7",5513,15,388.38,74.34
5914,"Av. Galicia, 7",5513,20,76.48,16.91
5914,"Av. Galicia, 7",5513,21,0.00,2.21
5914,"Av. Galicia, 7",5513,22,585.48,108.80
5914,"Av. Galicia, 7",5513,23,229.96,82.61
5914,"Av. Galicia, 7",5513,24,56.19,8.69
5914,"Av. Galicia, 7",5513,26,134.38,12.37
5914,"Av. Galicia, 7",5513,30,0.00,0.00
5914,"Av. Galicia, 7",5513,31,3.04,0.00
5914,"Av. Galicia, 7",5513,33,0.00,0.00
5914,"Av. Galicia, 7",5513,34,0.00,0.00
5914,"Av. Galicia, 7",5513,35,0.00,0.00
5914,"Av. Galicia, 7",5513,45,0.00,0.00
5914,"Av. Galicia, 7",5513,67,0.00,0.00
5918,Camino Cabueñes 24,5517,10,35.92,41.19
5918,Camino Cabueñes 24,5517,11,113.82,28.36
5918,Camino Cabueñes 24,5517,14,165.88,72.28
5918,Camino Cabueñes 24,5517,15,330.28,48.44
5918,Camino Cabueñes 24,5517,20,86.19,12.09
5918,Camino Cabueñes 24,5517,21,2.97,1.57
5918,Camino Cabueñes 24,5517,22,396.98,47.39
5918,Camino Cabueñes 24,5517,23,101.74,88.63
5918,Camino Cabueñes 24,5517,24,295.00,7.24
5918,Camino Cabueñes 24,5517,26,129.86,6.42
5918,Camino Cabueñes 24,5517,30,0.00,0.00
5918,Camino Cabueñes 24,5517,31,7.88,0.00
5918,Camino Cabueñes 24,5517,32,2.33,0.00
5918,Camino Cabueñes 24,5517,33,0.00,0.00
5918,Camino Cabueñes 24,5517,34,1.80,0.00
5918,Camino Cabueñes 24,5517,45,0.00,0.00
5918,Camino Cabueñes 24,5517,62,0.00,0.00
5918,Camino Cabueñes 24,5517,67,0.00,0.00
5921,C/ Doctor Severo Ochoa 9,5520,10,7.31,45.90
5921,C/ Doctor Severo Ochoa 9,5520,11,31.35,33.19
5921,C/ Doctor Severo Ochoa 9,5520,14,24.35,87.42
5921,C/ Doctor Severo Ochoa 9,5520,15,254.59,60.11
5921,C/ Doctor Severo Ochoa 9,5520,20,68.01,13.59
5921,C/ Doctor Severo Ochoa 9,5520,21,18.36,3.19
5921,C/ Doctor Severo Ochoa 9,5520,22,1.06,52.24
5921,C/ Doctor Severo Ochoa 9,5520,23,126.54,80.50
5921,C/ Doctor Severo Ochoa 9,5520,24,71.80,6.06
5921,C/ Doctor Severo Ochoa 9,5520,26,66.53,8.63
5921,C/ Doctor Severo Ochoa 9,5520,30,0.00,0.00
5921,C/ Doctor Severo Ochoa 9,5520,31,2.14,0.00
5921,C/ Doctor Severo Ochoa 9,5520,32,0.34,0.00
5921,C/ Doctor Severo Ochoa 9,5520,33,0.00,0.00
5921,C/ Doctor Severo Ochoa 9,5520,34,0.00,0.00
5921,C/ Doctor Severo Ochoa 9,5520,35,0.00,0.00
5921,C/ Doctor Severo Ochoa 9,5520,45,0.00,0.00
5921,C/ Doctor Severo Ochoa 9,5520,62,0.00,0.00
5936,"Plaza Mikel Deuna, 1",5533,10,2.89,39.38
5936,"Plaza Mikel Deuna, 1",5533,11,11.41,51.34
5936,"Plaza Mikel Deuna, 1",5533,14,49.94,96.69
5936,"Plaza Mikel Deuna, 1",5533,15,518.09,64.38
5936,"Plaza Mikel Deuna, 1",5533,20,48.03,14.13
5936,"Plaza Mikel Deuna, 1",5533,21,11.88,2.92
5936,"Plaza Mikel Deuna, 1",5533,22,281.28,44.15
5936,"Plaza Mikel Deuna, 1",5533,23,45.80,63.65
5936,"Plaza Mikel Deuna, 1",5533,24,285.62,6.80
5936,"Plaza Mikel Deuna, 1",5533,26,61.93,3.74
5936,"Plaza Mikel Deuna, 1",5533,30,0.00,0.00
5936,"Plaza Mikel Deuna, 1",5533,31,1.23,0.00
5936,"Plaza Mikel Deuna, 1",5533,32,0.00,0.00
5936,"Plaza Mikel Deuna, 1",5533,33,0.00,0.00
5936,"Plaza Mikel Deuna, 1",5533,34,0.00,0.00
5936,"Plaza Mikel Deuna, 1",5533,41,0.00,0.00
5936,"Plaza Mikel Deuna, 1",5533,45,0.00,0.00
5936,"Plaza Mikel Deuna, 1",5533,63,0.00,0.00
5936,"Plaza Mikel Deuna, 1",5533,64,0.00,0.00
5939,"Avda Martí Pujol, 27",5536,10,13.76,92.13
5939,"Avda Martí Pujol, 27",5536,11,0.00,78.74
5939,"Avda Martí Pujol, 27",5536,13,0.00,0.00
5939,"Avda Martí Pujol, 27",5536,14,47.06,219.43
5939,"Avda Martí Pujol, 27",5536,15,408.05,117.78
5939,"Avda Martí Pujol, 27",5536,20,55.16,21.23
5939,"Avda Martí Pujol, 27",5536,21,2.25,2.66
5939,"Avda Martí Pujol, 27",5536,22,465.30,158.62
5939,"Avda Martí Pujol, 27",5536,23,653.76,108.99
5939,"Avda Martí Pujol, 27",5536,24,0.00,33.39
5939,"Avda Martí Pujol, 27",5536,26,148.55,9.05
5939,"Avda Martí Pujol, 27",5536,30,0.00,0.00
5939,"Avda Martí Pujol, 27",5536,31,0.50,0.00
5939,"Avda Martí Pujol, 27",5536,32,0.00,0.00
5939,"Avda Martí Pujol, 27",5536,33,0.00,0.00
5939,"Avda Martí Pujol, 27",5536,34,0.00,0.00
5939,"Avda Martí Pujol, 27",5536,35,0.00,0.00
5939,"Avda Martí Pujol, 27",5536,41,0.00,0.00
5939,"Avda Martí Pujol, 27",5536,43,0.00,0.00
5939,"Avda Martí Pujol, 27",5536,44,0.00,0.00
5939,"Avda Martí Pujol, 27",5536,45,0.00,0.00
5950,Sector Escultores nº1,5545,10,0.00,10.32
5950,Sector Escultores nº1,5545,11,0.00,6.43
5950,Sector Escultores nº1,5545,14,0.00,10.51
5950,Sector Escultores nº1,5545,15,45.16,22.35
5950,Sector Escultores nº1,5545,20,37.17,0.76
5950,Sector Escultores nº1,5545,21,0.00,0.04
5950,Sector Escultores nº1,5545,22,40.77,9.31
5950,Sector Escultores nº1,5545,23,0.00,16.31
5950,Sector Escultores nº1,5545,24,0.00,1.13
5950,Sector Escultores nº1,5545,26,15.20,0.53
5950,Sector Escultores nº1,5545,31,0.00,0.00
5950,Sector Escultores nº1,5545,32,0.00,0.00
5950,Sector Escultores nº1,5545,34,0.00,0.00
5950,Sector Escultores nº1,5545,45,0.00,0.00
5964,"RAMBLA SANT JORDI, 7",5559,10,84.45,61.82
5964,"RAMBLA SANT JORDI, 7",5559,11,11.20,46.03
5964,"RAMBLA SANT JORDI, 7",5559,14,87.05,119.55
5964,"RAMBLA SANT JORDI, 7",5559,15,337.59,77.23
5964,"RAMBLA SANT JORDI, 7",5559,20,2.70,13.87
5964,"RAMBLA SANT JORDI, 7",5559,21,0.00,2.33
5964,"RAMBLA SANT JORDI, 7",5559,22,0.00,107.82
5964,"RAMBLA SANT JORDI, 7",5559,23,1407.49,60.99
5964,"RAMBLA SANT JORDI, 7",5559,24,273.64,7.20
5964,"RAMBLA SANT JORDI, 7",5559,26,33.82,6.26
5964,"RAMBLA SANT JORDI, 7",5559,30,11.98,0.00
5964,"RAMBLA SANT JORDI, 7",5559,31,0.00,0.00
5964,"RAMBLA SANT JORDI, 7",5559,32,0.00,0.00
5964,"RAMBLA SANT JORDI, 7",5559,33,12.07,0.00
5964,"RAMBLA SANT JORDI, 7",5559,34,2.69,0.00
5964,"RAMBLA SANT JORDI, 7",5559,41,0.00,0.00
5964,"RAMBLA SANT JORDI, 7",5559,45,0.00,0.00
5965,"CALLE FERNANDO CASANOVA BENLLOCH, 8",5560,10,218.72,50.67
5965,"CALLE FERNANDO CASANOVA BENLLOCH, 8",5560,11,10.64,30.63
5965,"CALLE FERNANDO CASANOVA BENLLOCH, 8",5560,14,43.29,75.39
5965,"CALLE FERNANDO CASANOVA BENLLOCH, 8",5560,15,219.96,53.90
5965,"CALLE FERNANDO CASANOVA BENLLOCH, 8",5560,20,45.14,10.71
5965,"CALLE FERNANDO CASANOVA BENLLOCH, 8",5560,21,0.00,1.37
5965,"CALLE FERNANDO CASANOVA BENLLOCH, 8",5560,22,185.66,44.05
5965,"CALLE FERNANDO CASANOVA BENLLOCH, 8",5560,23,184.91,48.57
5965,"CALLE FERNANDO CASANOVA BENLLOCH, 8",5560,24,235.96,4.91
5965,"CALLE FERNANDO CASANOVA BENLLOCH, 8",5560,26,0.83,2.11
5965,"CALLE FERNANDO CASANOVA BENLLOCH, 8",5560,30,0.00,0.00
5965,"CALLE FERNANDO CASANOVA BENLLOCH, 8",5560,31,3.59,0.00
5965,"CALLE FERNANDO CASANOVA BENLLOCH, 8",5560,32,0.00,0.00
5965,"CALLE FERNANDO CASANOVA BENLLOCH, 8",5560,33,0.00,0.00
5965,"CALLE FERNANDO CASANOVA BENLLOCH, 8",5560,34,5.80,0.00
5971,"Carrer Bonança, 6",5565,10,31.06,25.51
5971,"Carrer Bonança, 6",5565,11,1.73,13.05
5971,"Carrer Bonança, 6",5565,13,0.00,0.00
5971,"Carrer Bonança, 6",5565,14,179.02,31.67
5971,"Carrer Bonança, 6",5565,15,234.00,16.92
5971,"Carrer Bonança, 6",5565,20,159.56,4.34
5971,"Carrer Bonança, 6",5565,21,0.00,0.19
5971,"Carrer Bonança, 6",5565,22,104.65,8.03
5971,"Carrer Bonança, 6",5565,23,63.95,17.54
5971,"Carrer Bonança, 6",5565,24,3.83,1.93
5971,"Carrer Bonança, 6",5565,26,1.92,0.19
5971,"Carrer Bonança, 6",5565,30,0.00,0.00
5971,"Carrer Bonança, 6",5565,31,1.06,0.00
5971,"Carrer Bonança, 6",5565,32,0.00,0.00
5971,"Carrer Bonança, 6",5565,33,0.00,0.00
5971,"Carrer Bonança, 6",5565,34,0.00,0.00
5971,"Carrer Bonança, 6",5565,43,0.00,0.00
5971,"Carrer Bonança, 6",5565,67,0.00,0.00
5972,Carrer Dr Bertomeu 16,5566,10,48.70,70.45
5972,Carrer Dr Bertomeu 16,5566,11,0.00,30.94
5972,Carrer Dr Bertomeu 16,5566,14,44.59,132.03
5972,Carrer Dr Bertomeu 16,5566,15,676.85,74.73
5972,Carrer Dr Bertomeu 16,5566,20,101.72,14.97
5972,Carrer Dr Bertomeu 16,5566,21,2.75,2.31
5972,Carrer Dr Bertomeu 16,5566,22,136.88,82.81
5972,Carrer Dr Bertomeu 16,5566,23,159.35,68.65
5972,Carrer Dr Bertomeu 16,5566,24,242.04,7.93
5972,Carrer Dr Bertomeu 16,5566,26,75.15,7.92
5972,Carrer Dr Bertomeu 16,5566,30,0.00,0.00
5972,Carrer Dr Bertomeu 16,5566,31,12.36,0.00
5972,Carrer Dr Bertomeu 16,5566,32,0.00,0.00
5972,Carrer Dr Bertomeu 16,5566,33,0.00,0.00
5972,Carrer Dr Bertomeu 16,5566,34,0.00,0.00
5972,Carrer Dr Bertomeu 16,5566,43,0.00,0.00
5972,Carrer Dr Bertomeu 16,5566,45,0.00,0.00
5983,"Calle Viena, 1",5576,10,4.70,34.20
5983,"Calle Viena, 1",5576,11,6.94,13.47
5983,"Calle Viena, 1",5576,14,226.10,34.77
5983,"Calle Viena, 1",5576,15,618.07,26.96
5983,"Calle Viena, 1",5576,20,50.36,7.31
5983,"Calle Viena, 1",5576,21,31.88,0.74
5983,"Calle Viena, 1",5576,22,319.60,16.71
5983,"Calle Viena, 1",5576,23,158.33,58.65
5983,"Calle Viena, 1",5576,24,98.59,1.52
5983,"Calle Viena, 1",5576,26,26.88,6.65
5983,"Calle Viena, 1",5576,30,0.00,0.00
5983,"Calle Viena, 1",5576,31,0.00,0.00
5983,"Calle Viena, 1",5576,32,0.00,0.00
5983,"Calle Viena, 1",5576,33,0.00,0.00
5983,"Calle Viena, 1",5576,34,13.02,0.00
5983,"Calle Viena, 1",5576,45,0.00,0.00
5985,ALCALDE JOSE BENJAMIN VILLALOBOS 8,5578,10,75.07,34.70
5985,ALCALDE JOSE BENJAMIN VILLALOBOS 8,5578,11,7.81,36.12
5985,ALCALDE JOSE BENJAMIN VILLALOBOS 8,5578,14,198.06,74.98
5985,ALCALDE JOSE BENJAMIN VILLALOBOS 8,5578,15,115.54,52.76
5985,ALCALDE JOSE BENJAMIN VILLALOBOS 8,5578,20,28.99,14.02
5985,ALCALDE JOSE BENJAMIN VILLALOBOS 8,5578,21,69.39,3.40
5985,ALCALDE JOSE BENJAMIN VILLALOBOS 8,5578,22,345.95,36.39
5985,ALCALDE JOSE BENJAMIN VILLALOBOS 8,5578,23,239.88,60.03
5985,ALCALDE JOSE BENJAMIN VILLALOBOS 8,5578,24,120.53,5.29
5985,ALCALDE JOSE BENJAMIN VILLALOBOS 8,5578,26,58.34,6.66
5985,ALCALDE JOSE BENJAMIN VILLALOBOS 8,5578,30,0.00,0.00
5985,ALCALDE JOSE BENJAMIN VILLALOBOS 8,5578,31,2.00,0.00
5985,ALCALDE JOSE BENJAMIN VILLALOBOS 8,5578,32,0.00,0.00
5985,ALCALDE JOSE BENJAMIN VILLALOBOS 8,5578,33,0.00,0.00
5985,ALCALDE JOSE BENJAMIN VILLALOBOS 8,5578,34,42.53,0.00
5985,ALCALDE JOSE BENJAMIN VILLALOBOS 8,5578,35,0.00,0.00
5985,ALCALDE JOSE BENJAMIN VILLALOBOS 8,5578,41,0.00,0.00
5985,ALCALDE JOSE BENJAMIN VILLALOBOS 8,5578,43,0.00,0.00
5985,ALCALDE JOSE BENJAMIN VILLALOBOS 8,5578,45,0.00,0.00
5985,ALCALDE JOSE BENJAMIN VILLALOBOS 8,5578,60,0.00,0.00
5985,ALCALDE JOSE BENJAMIN VILLALOBOS 8,5578,62,4.33,0.00
5985,ALCALDE JOSE BENJAMIN VILLALOBOS 8,5578,63,0.00,0.00
5985,ALCALDE JOSE BENJAMIN VILLALOBOS 8,5578,64,0.00,0.00
5985,ALCALDE JOSE BENJAMIN VILLALOBOS 8,5578,65,0.00,0.00
5985,ALCALDE JOSE BENJAMIN VILLALOBOS 8,5578,67,0.00,0.00
5990,Poligono de Xaras AC-550,5582,10,139.91,40.50
5990,Poligono de Xaras AC-550,5582,11,55.21,30.48
5990,Poligono de Xaras AC-550,5582,13,0.00,0.00
5990,Poligono de Xaras AC-550,5582,14,272.92,75.28
5990,Poligono de Xaras AC-550,5582,15,581.60,400.93
5990,Poligono de Xaras AC-550,5582,20,175.06,11.24
5990,Poligono de Xaras AC-550,5582,21,0.00,0.11
5990,Poligono de Xaras AC-550,5582,22,323.59,29.49
5990,Poligono de Xaras AC-550,5582,23,358.60,74.84
5990,Poligono de Xaras AC-550,5582,24,571.79,5.94
5990,Poligono de Xaras AC-550,5582,26,92.00,3.14
5990,Poligono de Xaras AC-550,5582,30,0.00,0.00
5990,Poligono de Xaras AC-550,5582,31,0.87,0.00
5990,Poligono de Xaras AC-550,5582,32,0.00,0.00
5990,Poligono de Xaras AC-550,5582,33,0.14,0.00
5990,Poligono de Xaras AC-550,5582,34,8.42,0.00
5995,"Av. Cambados, 57",5587,10,59.82,26.34
5995,"Av. Cambados, 57",5587,11,0.00,9.72
5995,"Av. Cambados, 57",5587,14,274.19,35.51
5995,"Av. Cambados, 57",5587,15,182.21,250.52
5995,"Av. Cambados, 57",5587,20,37.45,5.11
5995,"Av. Cambados, 57",5587,21,0.00,0.26
5995,"Av. Cambados, 57",5587,22,219.90,7.33
5995,"Av. Cambados, 57",5587,23,402.98,30.69
5995,"Av. Cambados, 57",5587,24,85.90,1.56
5995,"Av. Cambados, 57",5587,26,5.00,0.42
5995,"Av. Cambados, 57",5587,30,0.00,0.00
5995,"Av. Cambados, 57",5587,31,0.00,0.00
5995,"Av. Cambados, 57",5587,32,0.00,0.00
5995,"Av. Cambados, 57",5587,33,0.00,0.00
5995,"Av. Cambados, 57",5587,34,6.25,0.00
5995,"Av. Cambados, 57",5587,35,0.00,0.00
5995,"Av. Cambados, 57",5587,45,0.00,0.00
5995,"Av. Cambados, 57",5587,67,0.00,0.00
5997,Avda General Peron nº 12,5589,10,57.06,79.32
5997,Avda General Peron nº 12,5589,11,12.88,81.78
5997,Avda General Peron nº 12,5589,14,135.00,171.48
5997,Avda General Peron nº 12,5589,15,616.38,124.81
5997,Avda General Peron nº 12,5589,20,48.22,27.32
5997,Avda General Peron nº 12,5589,21,151.74,3.49
5997,Avda General Peron nº 12,5589,22,1153.32,134.05
5997,Avda General Peron nº 12,5589,23,216.44,90.91
5997,Avda General Peron nº 12,5589,24,70.29,15.50
5997,Avda General Peron nº 12,5589,26,99.47,24.10
5997,Avda General Peron nº 12,5589,30,0.00,0.00
5997,Avda General Peron nº 12,5589,31,0.10,0.00
5997,Avda General Peron nº 12,5589,32,0.00,0.00
5997,Avda General Peron nº 12,5589,33,0.00,0.00
5997,Avda General Peron nº 12,5589,34,33.73,0.00
5997,Avda General Peron nº 12,5589,35,0.00,0.00
5997,Avda General Peron nº 12,5589,45,0.00,0.00
5997,Avda General Peron nº 12,5589,62,0.00,0.00
5997,Avda General Peron nº 12,5589,65,0.00,0.00
6005,Av. Rubine 4,5595,10,0.64,51.40
6005,Av. Rubine 4,5595,11,0.00,25.40
6005,Av. Rubine 4,5595,14,31.50,96.86
6005,Av. Rubine 4,5595,15,790.56,57.70
6005,Av. Rubine 4,5595,20,239.63,13.74
6005,Av. Rubine 4,5595,21,10.62,1.36
6005,Av. Rubine 4,5595,22,165.63,47.48
6005,Av. Rubine 4,5595,23,764.12,63.83
6005,Av. Rubine 4,5595,24,465.33,5.22
6005,Av. Rubine 4,5595,26,102.63,9.13
6005,Av. Rubine 4,5595,30,0.00,0.00
6005,Av. Rubine 4,5595,31,0.00,0.00
6005,Av. Rubine 4,5595,32,0.00,0.00
6005,Av. Rubine 4,5595,33,0.00,0.00
6005,Av. Rubine 4,5595,34,0.00,0.00
6008,Carrer Rutlla 29,5598,10,0.59,45.43
6008,Carrer Rutlla 29,5598,11,2.33,34.29
6008,Carrer Rutlla 29,5598,14,19.39,75.63
6008,Carrer Rutlla 29,5598,15,342.15,52.24
6008,Carrer Rutlla 29,5598,20,122.85,7.07
6008,Carrer Rutlla 29,5598,21,0.00,1.95
6008,Carrer Rutlla 29,5598,22,24.23,24.43
6008,Carrer Rutlla 29,5598,23,12.47,55.74
6008,Carrer Rutlla 29,5598,24,63.31,4.04
6008,Carrer Rutlla 29,5598,26,0.00,1.84
6008,Carrer Rutlla 29,5598,30,0.00,0.00
6008,Carrer Rutlla 29,5598,31,0.00,0.00
6008,Carrer Rutlla 29,5598,32,0.00,0.00
6008,Carrer Rutlla 29,5598,33,0.00,0.00
6008,Carrer Rutlla 29,5598,34,0.00,0.00
6008,Carrer Rutlla 29,5598,35,0.00,0.00
6008,Carrer Rutlla 29,5598,41,0.00,0.00
6010,C/ Aragon 52,5600,10,102.03,129.70
6010,C/ Aragon 52,5600,11,42.52,112.65
6010,C/ Aragon 52,5600,14,217.83,197.18
6010,C/ Aragon 52,5600,15,320.12,122.68
6010,C/ Aragon 52,5600,20,56.06,19.77
6010,C/ Aragon 52,5600,21,42.86,4.18
6010,C/ Aragon 52,5600,22,790.16,102.03
6010,C/ Aragon 52,5600,23,132.85,73.28
6010,C/ Aragon 52,5600,24,28.08,14.67
6010,C/ Aragon 52,5600,26,69.50,11.65
6010,C/ Aragon 52,5600,30,0.00,0.00
6010,C/ Aragon 52,5600,31,7.28,0.00
6010,C/ Aragon 52,5600,32,0.00,0.00
6010,C/ Aragon 52,5600,33,0.00,0.00
6010,C/ Aragon 52,5600,34,4.76,0.00
6010,C/ Aragon 52,5600,35,0.00,0.00
6010,C/ Aragon 52,5600,40,0.00,0.00
6010,C/ Aragon 52,5600,41,0.00,0.00
6010,C/ Aragon 52,5600,43,0.00,0.00
6010,C/ Aragon 52,5600,45,0.00,0.00
6014,"Avda Maria Ros, 11",5603,10,89.79,61.82
6014,"Avda Maria Ros, 11",5603,11,94.03,35.29
6014,"Avda Maria Ros, 11",5603,13,0.00,0.00
6014,"Avda Maria Ros, 11",5603,14,468.41,95.35
6014,"Avda Maria Ros, 11",5603,15,236.96,58.14
6014,"Avda Maria Ros, 11",5603,20,57.08,11.95
6014,"Avda Maria Ros, 11",5603,21,14.83,1.41
6014,"Avda Maria Ros, 11",5603,22,254.16,39.47
6014,"Avda Maria Ros, 11",5603,23,233.87,62.77
6014,"Avda Maria Ros, 11",5603,24,296.46,7.70
6014,"Avda Maria Ros, 11",5603,26,29.19,3.10
6014,"Avda Maria Ros, 11",5603,30,0.00,0.00
6014,"Avda Maria Ros, 11",5603,31,0.00,0.00
6014,"Avda Maria Ros, 11",5603,32,0.00,0.00
6014,"Avda Maria Ros, 11",5603,33,0.00,0.00
6014,"Avda Maria Ros, 11",5603,34,0.00,0.00
6014,"Avda Maria Ros, 11",5603,45,0.00,0.00
6016,"C/ Andres Mellado, 61",5605,10,28.97,64.16
6016,"C/ Andres Mellado, 61",5605,11,7.81,73.44
6016,"C/ Andres Mellado, 61",5605,14,75.69,131.64
6016,"C/ Andres Mellado, 61",5605,15,938.44,114.04
6016,"C/ Andres Mellado, 61",5605,20,141.92,22.32
6016,"C/ Andres Mellado, 61",5605,21,155.84,4.19
6016,"C/ Andres Mellado, 61",5605,22,886.45,119.81
6016,"C/ Andres Mellado, 61",5605,23,653.29,86.92
6016,"C/ Andres Mellado, 61",5605,24,92.82,11.90
6016,"C/ Andres Mellado, 61",5605,26,144.16,19.35
6016,"C/ Andres Mellado, 61",5605,30,0.51,0.00
6016,"C/ Andres Mellado, 61",5605,31,2.06,0.00
6016,"C/ Andres Mellado, 61",5605,32,0.00,0.00
6016,"C/ Andres Mellado, 61",5605,33,0.00,0.00
6016,"C/ Andres Mellado, 61",5605,34,23.70,0.00
6016,"C/ Andres Mellado, 61",5605,45,0.00,0.00
6016,"C/ Andres Mellado, 61",5605,62,0.00,0.00
6016,"C/ Andres Mellado, 61",5605,65,0.00,0.00
6024,"C/ Recaredo, 21",5610,10,20.79,52.70
6024,"C/ Recaredo, 21",5610,11,36.14,49.62
6024,"C/ Recaredo, 21",5610,14,226.06,110.54
6024,"C/ Recaredo, 21",5610,15,497.74,82.76
6024,"C/ Recaredo, 21",5610,20,58.62,21.21
6024,"C/ Recaredo, 21",5610,21,6.16,1.57
6024,"C/ Recaredo, 21",5610,22,511.65,53.52
6024,"C/ Recaredo, 21",5610,23,309.25,69.03
6024,"C/ Recaredo, 21",5610,24,213.73,6.50
6024,"C/ Recaredo, 21",5610,26,53.47,11.52
6024,"C/ Recaredo, 21",5610,30,0.00,0.00
6024,"C/ Recaredo, 21",5610,31,7.32,0.00
6024,"C/ Recaredo, 21",5610,32,0.00,0.00
6024,"C/ Recaredo, 21",5610,33,0.00,0.00
6024,"C/ Recaredo, 21",5610,34,12.32,0.00
6024,"C/ Recaredo, 21",5610,45,0.00,0.00
6033,"C/ Jaume Balmes, 35",5618,10,211.90,60.65
6033,"C/ Jaume Balmes, 35",5618,11,23.58,50.20
6033,"C/ Jaume Balmes, 35",5618,14,238.79,102.77
6033,"C/ Jaume Balmes, 35",5618,15,20.73,73.78
6033,"C/ Jaume Balmes, 35",5618,20,117.29,12.44
6033,"C/ Jaume Balmes, 35",5618,21,109.37,1.98
6033,"C/ Jaume Balmes, 35",5618,22,145.34,51.72
6033,"C/ Jaume Balmes, 35",5618,23,77.02,51.71
6033,"C/ Jaume Balmes, 35",5618,24,41.14,8.35
6033,"C/ Jaume Balmes, 35",5618,26,249.91,13.54
6033,"C/ Jaume Balmes, 35",5618,30,0.00,0.00
6033,"C/ Jaume Balmes, 35",5618,31,0.00,0.00
6033,"C/ Jaume Balmes, 35",5618,32,0.00,0.00
6033,"C/ Jaume Balmes, 35",5618,33,0.00,0.00
6033,"C/ Jaume Balmes, 35",5618,34,0.00,0.00
6033,"C/ Jaume Balmes, 35",5618,35,0.00,0.00
6033,"C/ Jaume Balmes, 35",5618,45,0.00,0.00
6033,"C/ Jaume Balmes, 35",5618,60,0.00,0.00
6033,"C/ Jaume Balmes, 35",5618,67,0.00,0.00
6034,"C/ Santa Anna, 6",5619,10,55.33,48.17
6034,"C/ Santa Anna, 6",5619,11,14.09,42.43
6034,"C/ Santa Anna, 6",5619,14,168.23,102.19
6034,"C/ Santa Anna, 6",5619,15,365.34,63.00
6034,"C/ Santa Anna, 6",5619,20,72.84,12.97
6034,"C/ Santa Anna, 6",5619,21,36.81,2.35
6034,"C/ Santa Anna, 6",5619,22,90.21,79.00
6034,"C/ Santa Anna, 6",5619,23,207.58,60.40
6034,"C/ Santa Anna, 6",5619,24,302.19,6.55
6034,"C/ Santa Anna, 6",5619,26,54.94,3.65
6034,"C/ Santa Anna, 6",5619,30,0.00,0.00
6034,"C/ Santa Anna, 6",5619,31,26.10,0.00
6034,"C/ Santa Anna, 6",5619,32,0.00,0.00
6034,"C/ Santa Anna, 6",5619,33,0.00,0.00
6034,"C/ Santa Anna, 6",5619,34,2.66,0.00
6034,"C/ Santa Anna, 6",5619,45,0.00,0.00
6034,"C/ Santa Anna, 6",5619,65,0.00,0.00
6036,"C/ Nieto Alcalá Zamora, 36",5621,10,185.86,105.23
6036,"C/ Nieto Alcalá Zamora, 36",5621,11,71.46,84.44
6036,"C/ Nieto Alcalá Zamora, 36",5621,14,143.51,156.21
6036,"C/ Nieto Alcalá Zamora, 36",5621,15,206.05,108.45
6036,"C/ Nieto Alcalá Zamora, 36",5621,20,13.82,19.63
6036,"C/ Nieto Alcalá Zamora, 36",5621,21,85.40,5.56
6036,"C/ Nieto Alcalá Zamora, 36",5621,22,235.79,82.31
6036,"C/ Nieto Alcalá Zamora, 36",5621,23,47.05,74.02
6036,"C/ Nieto Alcalá Zamora, 36",5621,24,118.14,11.96
6036,"C/ Nieto Alcalá Zamora, 36",5621,26,3.86,11.15
6036,"C/ Nieto Alcalá Zamora, 36",5621,30,0.00,0.00
6036,"C/ Nieto Alcalá Zamora, 36",5621,31,4.32,0.00
6036,"C/ Nieto Alcalá Zamora, 36",5621,32,0.00,0.00
6036,"C/ Nieto Alcalá Zamora, 36",5621,33,3.52,0.00
6036,"C/ Nieto Alcalá Zamora, 36",5621,34,21.05,0.00
6036,"C/ Nieto Alcalá Zamora, 36",5621,35,0.49,0.00
6036,"C/ Nieto Alcalá Zamora, 36",5621,43,0.00,0.00
6036,"C/ Nieto Alcalá Zamora, 36",5621,45,0.00,0.00
6036,"C/ Nieto Alcalá Zamora, 36",5621,67,0.00,0.00
6041,"C/ Maria Cristina, 9",5626,10,54.55,48.45
6041,"C/ Maria Cristina, 9",5626,11,28.96,62.41
6041,"C/ Maria Cristina, 9",5626,14,243.97,92.93
6041,"C/ Maria Cristina, 9",5626,15,239.17,72.69
6041,"C/ Maria Cristina, 9",5626,20,18.95,14.99
6041,"C/ Maria Cristina, 9",5626,21,0.00,1.58
6041,"C/ Maria Cristina, 9",5626,22,124.86,50.18
6041,"C/ Maria Cristina, 9",5626,23,207.65,85.12
6041,"C/ Maria Cristina, 9",5626,24,69.11,10.75
6041,"C/ Maria Cristina, 9",5626,26,22.15,5.45
6041,"C/ Maria Cristina, 9",5626,30,0.00,0.00
6041,"C/ Maria Cristina, 9",5626,31,72.10,0.00
6041,"C/ Maria Cristina, 9",5626,32,0.00,0.00
6041,"C/ Maria Cristina, 9",5626,33,0.00,0.00
6041,"C/ Maria Cristina, 9",5626,34,5.07,0.00
6041,"C/ Maria Cristina, 9",5626,35,0.00,0.00
6041,"C/ Maria Cristina, 9",5626,45,0.00,0.00
6042,"C/ Antoni Torrella, 8",5627,10,52.09,86.94
6042,"C/ Antoni Torrella, 8",5627,11,29.83,43.81
6042,"C/ Antoni Torrella, 8",5627,13,0.00,0.00
6042,"C/ Antoni Torrella, 8",5627,14,149.57,114.04
6042,"C/ Antoni Torrella, 8",5627,15,1154.18,82.46
6042,"C/ Antoni Torrella, 8",5627,20,214.82,16.08
6042,"C/ Antoni Torrella, 8",5627,21,15.38,1.80
6042,"C/ Antoni Torrella, 8",5627,22,579.05,51.87
6042,"C/ Antoni Torrella, 8",5627,23,96.82,55.23
6042,"C/ Antoni Torrella, 8",5627,24,340.24,9.48
6042,"C/ Antoni Torrella, 8",5627,26,67.31,9.11
6042,"C/ Antoni Torrella, 8",5627,30,0.00,0.00
6042,"C/ Antoni Torrella, 8",5627,31,5.24,0.00
6042,"C/ Antoni Torrella, 8",5627,32,0.00,0.00
6042,"C/ Antoni Torrella, 8",5627,33,0.00,0.00
6042,"C/ Antoni Torrella, 8",5627,34,2.37,0.00
6042,"C/ Antoni Torrella, 8",5627,41,0.00,0.00
6042,"C/ Antoni Torrella, 8",5627,45,0.00,0.00
6051,"C/ Rubio i Ors, 21-23",5634,10,8.79,65.74
6051,"C/ Rubio i Ors, 21-23",5634,11,62.26,75.40
6051,"C/ Rubio i Ors, 21-23",5634,14,82.18,150.26
6051,"C/ Rubio i Ors, 21-23",5634,15,1184.18,120.41
6051,"C/ Rubio i Ors, 21-23",5634,20,97.94,19.90
6051,"C/ Rubio i Ors, 21-23",5634,21,71.45,4.78
6051,"C/ Rubio i Ors, 21-23",5634,22,929.88,74.26
6051,"C/ Rubio i Ors, 21-23",5634,23,3.04,44.24
6051,"C/ Rubio i Ors, 21-23",5634,24,670.12,11.66
6051,"C/ Rubio i Ors, 21-23",5634,26,71.86,7.44
6051,"C/ Rubio i Ors, 21-23",5634,30,0.00,0.00
6051,"C/ Rubio i Ors, 21-23",5634,31,20.11,0.00
6051,"C/ Rubio i Ors, 21-23",5634,32,0.00,0.00
6051,"C/ Rubio i Ors, 21-23",5634,33,3.43,0.00
6051,"C/ Rubio i Ors, 21-23",5634,34,0.90,0.00
6051,"C/ Rubio i Ors, 21-23",5634,43,0.00,0.00
6051,"C/ Rubio i Ors, 21-23",5634,45,0.00,0.00
6065,"Av. Del Maresme, 219",5642,10,93.03,39.05
6065,"Av. Del Maresme, 219",5642,11,12.82,33.57
6065,"Av. Del Maresme, 219",5642,14,133.57,162.87
6065,"Av. Del Maresme, 219",5642,15,439.90,54.57
6065,"Av. Del Maresme, 219",5642,20,80.85,11.36
6065,"Av. Del Maresme, 219",5642,21,0.00,1.56
6065,"Av. Del Maresme, 219",5642,22,236.13,33.22
6065,"Av. Del Maresme, 219",5642,23,122.75,52.98
6065,"Av. Del Maresme, 219",5642,24,508.22,6.80
6065,"Av. Del Maresme, 219",5642,26,74.31,12.61
6065,"Av. Del Maresme, 219",5642,30,0.00,0.00
6065,"Av. Del Maresme, 219",5642,31,0.00,0.00
6065,"Av. Del Maresme, 219",5642,32,0.00,0.00
6065,"Av. Del Maresme, 219",5642,33,0.00,0.00
6065,"Av. Del Maresme, 219",5642,34,0.00,0.00
6065,"Av. Del Maresme, 219",5642,45,0.00,0.00
6080,"Carretera Rellinars, 204",5653,10,13.91,46.58
6080,"Carretera Rellinars, 204",5653,11,8.86,30.78
6080,"Carretera Rellinars, 204",5653,14,86.37,76.17
6080,"Carretera Rellinars, 204",5653,15,570.46,53.37
6080,"Carretera Rellinars, 204",5653,20,35.88,9.90
6080,"Carretera Rellinars, 204",5653,21,0.00,0.82
6080,"Carretera Rellinars, 204",5653,22,565.96,32.67
6080,"Carretera Rellinars, 204",5653,23,57.08,33.71
6080,"Carretera Rellinars, 204",5653,24,68.80,5.02
6080,"Carretera Rellinars, 204",5653,26,41.22,4.66
6080,"Carretera Rellinars, 204",5653,30,0.00,0.00
6080,"Carretera Rellinars, 204",5653,31,0.00,0.00
6080,"Carretera Rellinars, 204",5653,32,0.00,0.00
6080,"Carretera Rellinars, 204",5653,33,0.00,0.00
6080,"Carretera Rellinars, 204",5653,34,0.00,0.00
6082,"Av.Bilbao, 64",5655,10,61.98,50.08
6082,"Av.Bilbao, 64",5655,11,76.69,45.50
6082,"Av.Bilbao, 64",5655,14,214.03,107.97
6082,"Av.Bilbao, 64",5655,15,7.66,76.07
6082,"Av.Bilbao, 64",5655,20,84.83,16.82
6082,"Av.Bilbao, 64",5655,21,56.80,2.63
6082,"Av.Bilbao, 64",5655,22,198.91,43.62
6082,"Av.Bilbao, 64",5655,23,87.52,68.06
6082,"Av.Bilbao, 64",5655,24,276.99,10.57
6082,"Av.Bilbao, 64",5655,26,3.21,4.31
6082,"Av.Bilbao, 64",5655,30,0.00,0.00
6082,"Av.Bilbao, 64",5655,31,0.00,0.00
6082,"Av.Bilbao, 64",5655,32,0.00,0.00
6082,"Av.Bilbao, 64",5655,33,0.00,0.00
6082,"Av.Bilbao, 64",5655,34,0.00,0.00
6082,"Av.Bilbao, 64",5655,45,0.00,0.00
6085,"Avda. Ricardo Carapeto, 38",5658,10,12.61,44.98
6085,"Avda. Ricardo Carapeto, 38",5658,11,0.00,48.20
6085,"Avda. Ricardo Carapeto, 38",5658,14,38.38,90.12
6085,"Avda. Ricardo Carapeto, 38",5658,15,119.90,66.55
6085,"Avda. Ricardo Carapeto, 38",5658,20,26.32,13.00
6085,"Avda. Ricardo Carapeto, 38",5658,21,5.40,1.66
6085,"Avda. Ricardo Carapeto, 38",5658,22,158.20,57.70
6085,"Avda. Ricardo Carapeto, 38",5658,23,68.76,70.12
6085,"Avda. Ricardo Carapeto, 38",5658,24,39.22,9.78
6085,"Avda. Ricardo Carapeto, 38",5658,26,7.05,5.14
6085,"Avda. Ricardo Carapeto, 38",5658,30,0.00,0.00
6085,"Avda. Ricardo Carapeto, 38",5658,31,0.00,0.00
6085,"Avda. Ricardo Carapeto, 38",5658,32,0.00,0.00
6085,"Avda. Ricardo Carapeto, 38",5658,33,0.00,0.00
6085,"Avda. Ricardo Carapeto, 38",5658,34,0.00,0.00
6085,"Avda. Ricardo Carapeto, 38",5658,45,0.00,0.00
6088,"C/ Gustavo Adolfo Becquer, 1-2",5661,10,177.70,39.55
6088,"C/ Gustavo Adolfo Becquer, 1-2",5661,11,17.40,25.65
6088,"C/ Gustavo Adolfo Becquer, 1-2",5661,14,236.79,51.27
6088,"C/ Gustavo Adolfo Becquer, 1-2",5661,15,1064.14,23.83
6088,"C/ Gustavo Adolfo Becquer, 1-2",5661,20,203.66,7.40
6088,"C/ Gustavo Adolfo Becquer, 1-2",5661,21,0.00,0.07
6088,"C/ Gustavo Adolfo Becquer, 1-2",5661,22,219.53,23.00
6088,"C/ Gustavo Adolfo Becquer, 1-2",5661,23,5.23,19.69
6088,"C/ Gustavo Adolfo Becquer, 1-2",5661,24,59.18,2.30
6088,"C/ Gustavo Adolfo Becquer, 1-2",5661,26,40.34,2.09
6088,"C/ Gustavo Adolfo Becquer, 1-2",5661,30,0.00,0.00
6088,"C/ Gustavo Adolfo Becquer, 1-2",5661,31,1.19,0.00
6088,"C/ Gustavo Adolfo Becquer, 1-2",5661,33,0.00,0.00
6088,"C/ Gustavo Adolfo Becquer, 1-2",5661,34,2.37,0.00
6088,"C/ Gustavo Adolfo Becquer, 1-2",5661,35,0.00,0.00
6088,"C/ Gustavo Adolfo Becquer, 1-2",5661,41,0.00,0.00
6088,"C/ Gustavo Adolfo Becquer, 1-2",5661,67,0.00,0.00
6092,"C/ Jesus Lara, 18",5665,10,169.95,56.42
6092,"C/ Jesus Lara, 18",5665,11,45.70,55.67
6092,"C/ Jesus Lara, 18",5665,14,400.05,118.28
6092,"C/ Jesus Lara, 18",5665,15,151.93,92.88
6092,"C/ Jesus Lara, 18",5665,20,342.56,18.79
6092,"C/ Jesus Lara, 18",5665,21,54.09,3.23
6092,"C/ Jesus Lara, 18",5665,22,1027.99,105.97
6092,"C/ Jesus Lara, 18",5665,23,510.31,100.66
6092,"C/ Jesus Lara, 18",5665,24,687.52,13.76
6092,"C/ Jesus Lara, 18",5665,26,134.93,7.05
6092,"C/ Jesus Lara, 18",5665,30,0.00,0.00
6092,"C/ Jesus Lara, 18",5665,31,8.80,0.00
6092,"C/ Jesus Lara, 18",5665,32,0.00,0.00
6092,"C/ Jesus Lara, 18",5665,33,12.42,0.00
6092,"C/ Jesus Lara, 18",5665,34,4.10,0.00
6092,"C/ Jesus Lara, 18",5665,35,0.00,0.00
6092,"C/ Jesus Lara, 18",5665,45,0.00,0.00
6092,"C/ Jesus Lara, 18",5665,62,0.00,0.00
6092,"C/ Jesus Lara, 18",5665,65,0.00,0.00
6092,"C/ Jesus Lara, 18",5665,67,0.00,0.00
6097,"C/ El Olivo, 4",5670,10,26.61,46.45
6097,"C/ El Olivo, 4",5670,11,6.68,32.15
6097,"C/ El Olivo, 4",5670,14,322.82,63.37
6097,"C/ El Olivo, 4",5670,15,279.02,41.84
6097,"C/ El Olivo, 4",5670,20,24.70,21.16
6097,"C/ El Olivo, 4",5670,21,72.55,1.99
6097,"C/ El Olivo, 4",5670,22,423.71,29.63
6097,"C/ El Olivo, 4",5670,23,223.87,42.27
6097,"C/ El Olivo, 4",5670,24,151.92,4.10
6097,"C/ El Olivo, 4",5670,26,69.95,7.05
6097,"C/ El Olivo, 4",5670,30,0.00,0.00
6097,"C/ El Olivo, 4",5670,31,0.39,0.00
6097,"C/ El Olivo, 4",5670,32,0.00,0.00
6097,"C/ El Olivo, 4",5670,33,0.00,0.00
6097,"C/ El Olivo, 4",5670,34,8.83,0.00
6097,"C/ El Olivo, 4",5670,35,0.00,0.00
6128,"C/ Cronista Muntaner, 21",5675,10,24.54,76.82
6128,"C/ Cronista Muntaner, 21",5675,11,10.33,53.50
6128,"C/ Cronista Muntaner, 21",5675,13,0.00,0.00
6128,"C/ Cronista Muntaner, 21",5675,14,52.04,114.29
6128,"C/ Cronista Muntaner, 21",5675,15,484.72,83.21
6128,"C/ Cronista Muntaner, 21",5675,20,77.74,14.83
6128,"C/ Cronista Muntaner, 21",5675,21,10.15,2.27
6128,"C/ Cronista Muntaner, 21",5675,22,300.07,69.55
6128,"C/ Cronista Muntaner, 21",5675,23,1.62,82.74
6128,"C/ Cronista Muntaner, 21",5675,24,340.87,8.36
6128,"C/ Cronista Muntaner, 21",5675,26,42.53,4.08
6128,"C/ Cronista Muntaner, 21",5675,30,0.00,0.00
6128,"C/ Cronista Muntaner, 21",5675,31,3.27,0.00
6128,"C/ Cronista Muntaner, 21",5675,32,0.00,0.00
6128,"C/ Cronista Muntaner, 21",5675,33,0.00,0.00
6128,"C/ Cronista Muntaner, 21",5675,34,0.00,0.00
6128,"C/ Cronista Muntaner, 21",5675,45,0.00,0.00
6128,"C/ Cronista Muntaner, 21",5675,61,0.00,0.00
6156,"Camino de la Ronda, 80",5680,10,46.57,45.55
6156,"Camino de la Ronda, 80",5680,11,0.00,54.29
6156,"Camino de la Ronda, 80",5680,14,194.10,110.97
6156,"Camino de la Ronda, 80",5680,15,350.44,87.04
6156,"Camino de la Ronda, 80",5680,20,4.95,15.67
6156,"Camino de la Ronda, 80",5680,21,0.00,2.24
6156,"Camino de la Ronda, 80",5680,22,0.00,84.34
6156,"Camino de la Ronda, 80",5680,23,378.49,60.84
6156,"Camino de la Ronda, 80",5680,24,1.88,10.48
6156,"Camino de la Ronda, 80",5680,26,139.01,14.52
6156,"Camino de la Ronda, 80",5680,30,0.00,0.00
6156,"Camino de la Ronda, 80",5680,31,0.00,0.00
6156,"Camino de la Ronda, 80",5680,32,0.00,0.00
6156,"Camino de la Ronda, 80",5680,33,0.00,0.00
6156,"Camino de la Ronda, 80",5680,34,0.00,0.00
6156,"Camino de la Ronda, 80",5680,45,0.00,0.00
6156,"Camino de la Ronda, 80",5680,62,0.00,0.00
6156,"Camino de la Ronda, 80",5680,63,0.00,0.00
6156,"Camino de la Ronda, 80",5680,64,0.00,0.00
6156,"Camino de la Ronda, 80",5680,65,0.00,0.00
6156,"Camino de la Ronda, 80",5680,67,0.00,0.00
6171,"Paseo Velilla, 17",5683,10,0.84,53.26
6171,"Paseo Velilla, 17",5683,11,1.43,18.04
6171,"Paseo Velilla, 17",5683,14,17.94,58.03
6171,"Paseo Velilla, 17",5683,15,284.80,38.34
6171,"Paseo Velilla, 17",5683,20,8.70,8.25
6171,"Paseo Velilla, 17",5683,21,4.47,1.31
6171,"Paseo Velilla, 17",5683,22,155.32,26.41
6171,"Paseo Velilla, 17",5683,23,225.73,53.54
6171,"Paseo Velilla, 17",5683,24,105.76,4.87
6171,"Paseo Velilla, 17",5683,26,43.59,8.22
6171,"Paseo Velilla, 17",5683,30,0.00,0.00
6171,"Paseo Velilla, 17",5683,31,0.84,0.00
6171,"Paseo Velilla, 17",5683,33,0.00,0.00
6171,"Paseo Velilla, 17",5683,34,0.00,0.00
6186,"Rua Redondela, 21",5698,10,11.02,32.91
6186,"Rua Redondela, 21",5698,11,12.88,29.14
6186,"Rua Redondela, 21",5698,14,17.90,73.04
6186,"Rua Redondela, 21",5698,15,194.52,52.25
6186,"Rua Redondela, 21",5698,20,21.78,11.98
6186,"Rua Redondela, 21",5698,21,49.84,3.63
6186,"Rua Redondela, 21",5698,22,140.70,38.18
6186,"Rua Redondela, 21",5698,23,181.88,51.36
6186,"Rua Redondela, 21",5698,24,28.93,4.31
6186,"Rua Redondela, 21",5698,26,74.09,7.77
6186,"Rua Redondela, 21",5698,30,0.00,0.00
6186,"Rua Redondela, 21",5698,31,0.00,0.00
6186,"Rua Redondela, 21",5698,32,0.00,0.00
6186,"Rua Redondela, 21",5698,33,0.00,0.00
6186,"Rua Redondela, 21",5698,34,0.00,0.00
6186,"Rua Redondela, 21",5698,35,0.00,0.00
6186,"Rua Redondela, 21",5698,43,0.00,0.00
6186,"Rua Redondela, 21",5698,67,0.00,0.00
6193,"Avda. Andalucia, 19",5709,10,49.39,29.64
6193,"Avda. Andalucia, 19",5709,11,4.29,25.50
6193,"Avda. Andalucia, 19",5709,13,0.00,0.00
6193,"Avda. Andalucia, 19",5709,14,53.08,56.71
6193,"Avda. Andalucia, 19",5709,15,152.67,40.47
6193,"Avda. Andalucia, 19",5709,20,34.09,9.29
6193,"Avda. Andalucia, 19",5709,21,0.00,1.81
6193,"Avda. Andalucia, 19",5709,22,227.25,24.94
6193,"Avda. Andalucia, 19",5709,23,273.25,58.10
6193,"Avda. Andalucia, 19",5709,24,19.26,5.08
6193,"Avda. Andalucia, 19",5709,26,23.25,5.99
6193,"Avda. Andalucia, 19",5709,30,0.00,0.00
6193,"Avda. Andalucia, 19",5709,31,0.00,0.00
6193,"Avda. Andalucia, 19",5709,32,0.00,0.00
6193,"Avda. Andalucia, 19",5709,33,0.00,0.00
6193,"Avda. Andalucia, 19",5709,34,0.00,0.00
6193,"Avda. Andalucia, 19",5709,45,0.00,0.00
6200,"c/ Wagner, 72",5716,10,414.96,50.65
6200,"c/ Wagner, 72",5716,11,182.00,48.17
6200,"c/ Wagner, 72",5716,14,295.74,141.54
6200,"c/ Wagner, 72",5716,15,768.80,66.51
6200,"c/ Wagner, 72",5716,20,40.17,8.56
6200,"c/ Wagner, 72",5716,21,0.00,2.90
6200,"c/ Wagner, 72",5716,22,967.32,36.12
6200,"c/ Wagner, 72",5716,23,780.36,48.98
6200,"c/ Wagner, 72",5716,24,177.86,8.31
6200,"c/ Wagner, 72",5716,26,181.93,4.29
6200,"c/ Wagner, 72",5716,30,7.16,0.00
6200,"c/ Wagner, 72",5716,31,2.12,0.00
6200,"c/ Wagner, 72",5716,33,0.00,0.00
6200,"c/ Wagner, 72",5716,34,41.32,0.00
6200,"c/ Wagner, 72",5716,45,0.00,0.00
6200,"c/ Wagner, 72",5716,47,0.00,0.00
6201,"c/ Manuel Guillon, 23",5717,10,99.02,40.15
6201,"c/ Manuel Guillon, 23",5717,11,57.24,52.10
6201,"c/ Manuel Guillon, 23",5717,13,9.41,0.00
6201,"c/ Manuel Guillon, 23",5717,14,244.60,95.03
6201,"c/ Manuel Guillon, 23",5717,15,768.25,68.77
6201,"c/ Manuel Guillon, 23",5717,20,46.28,53.56
6201,"c/ Manuel Guillon, 23",5717,21,17.54,9.46
6201,"c/ Manuel Guillon, 23",5717,22,53.68,47.41
6201,"c/ Manuel Guillon, 23",5717,23,341.14,47.05
6201,"c/ Manuel Guillon, 23",5717,24,68.02,26.83
6201,"c/ Manuel Guillon, 23",5717,26,113.16,3.09
6201,"c/ Manuel Guillon, 23",5717,30,0.00,0.00
6201,"c/ Manuel Guillon, 23",5717,31,7.56,0.00
6201,"c/ Manuel Guillon, 23",5717,32,0.00,0.00
6201,"c/ Manuel Guillon, 23",5717,33,0.00,0.00
6201,"c/ Manuel Guillon, 23",5717,34,0.84,0.00
6201,"c/ Manuel Guillon, 23",5717,35,1.94,0.00
6201,"c/ Manuel Guillon, 23",5717,45,0.00,0.00
6201,"c/ Manuel Guillon, 23",5717,62,0.00,0.00
6202,"C/ RIN, 7",5718,10,1.55,54.74
6202,"C/ RIN, 7",5718,11,7.09,35.66
6202,"C/ RIN, 7",5718,14,41.16,78.20
6202,"C/ RIN, 7",5718,15,408.27,72.23
6202,"C/ RIN, 7",5718,20,52.66,11.42
6202,"C/ RIN, 7",5718,21,42.45,1.86
6202,"C/ RIN, 7",5718,22,271.67,38.94
6202,"C/ RIN, 7",5718,23,0.38,86.25
6202,"C/ RIN, 7",5718,24,384.92,8.91
6202,"C/ RIN, 7",5718,26,188.50,12.12
6202,"C/ RIN, 7",5718,30,0.00,0.00
6202,"C/ RIN, 7",5718,31,3.32,0.00
6202,"C/ RIN, 7",5718,33,0.00,0.00
6202,"C/ RIN, 7",5718,34,0.00,0.00
6214,"C/ Major, 1",5724,10,14.93,83.57
6214,"C/ Major, 1",5724,11,4.89,52.53
6214,"C/ Major, 1",5724,13,0.00,0.00
6214,"C/ Major, 1",5724,14,55.02,145.76
6214,"C/ Major, 1",5724,15,464.01,83.49
6214,"C/ Major, 1",5724,20,22.55,16.79
6214,"C/ Major, 1",5724,21,30.80,4.51
6214,"C/ Major, 1",5724,22,544.32,73.89
6214,"C/ Major, 1",5724,23,150.76,117.38
6214,"C/ Major, 1",5724,24,161.91,12.68
6214,"C/ Major, 1",5724,26,21.81,18.73
6214,"C/ Major, 1",5724,30,0.00,0.00
6214,"C/ Major, 1",5724,31,0.10,0.00
6214,"C/ Major, 1",5724,32,0.00,0.00
6214,"C/ Major, 1",5724,33,0.00,0.00
6214,"C/ Major, 1",5724,34,0.00,0.00
6214,"C/ Major, 1",5724,35,0.00,0.00
6214,"C/ Major, 1",5724,45,0.00,0.00
6214,"C/ Major, 1",5724,60,0.00,0.00
6214,"C/ Major, 1",5724,67,0.00,0.00
6215,Calle San Marcial 21,5725,10,39.49,36.54
6215,Calle San Marcial 21,5725,11,14.10,35.32
6215,Calle San Marcial 21,5725,14,42.24,91.44
6215,Calle San Marcial 21,5725,15,115.33,57.13
6215,Calle San Marcial 21,5725,20,60.83,12.74
6215,Calle San Marcial 21,5725,21,3.85,4.62
6215,Calle San Marcial 21,5725,22,4407.38,62.24
6215,Calle San Marcial 21,5725,23,351.86,51.50
6215,Calle San Marcial 21,5725,24,2504.14,10.40
6215,Calle San Marcial 21,5725,26,47.60,9.52
6215,Calle San Marcial 21,5725,30,0.00,0.00
6215,Calle San Marcial 21,5725,31,9.79,0.00
6215,Calle San Marcial 21,5725,32,0.00,0.00
6215,Calle San Marcial 21,5725,33,0.00,0.00
6215,Calle San Marcial 21,5725,34,0.00,0.00
6215,Calle San Marcial 21,5725,45,0.00,0.00
6218,"C/Senia del Barral, 19",5728,10,0.00,50.38
6218,"C/Senia del Barral, 19",5728,11,0.00,28.96
6218,"C/Senia del Barral, 19",5728,14,0.00,67.83
6218,"C/Senia del Barral, 19",5728,15,514.27,63.80
6218,"C/Senia del Barral, 19",5728,20,27.16,7.25
6218,"C/Senia del Barral, 19",5728,21,13.93,1.15
6218,"C/Senia del Barral, 19",5728,22,418.90,33.89
6218,"C/Senia del Barral, 19",5728,23,91.61,48.23
6218,"C/Senia del Barral, 19",5728,24,443.38,5.57
6218,"C/Senia del Barral, 19",5728,26,32.96,3.92
6218,"C/Senia del Barral, 19",5728,30,0.00,0.00
6218,"C/Senia del Barral, 19",5728,31,0.00,0.00
6218,"C/Senia del Barral, 19",5728,32,0.00,0.00
6218,"C/Senia del Barral, 19",5728,33,0.00,0.00
6218,"C/Senia del Barral, 19",5728,34,0.00,0.00
6218,"C/Senia del Barral, 19",5728,41,0.00,0.00
6218,"C/Senia del Barral, 19",5728,43,0.00,0.00
6218,"C/Senia del Barral, 19",5728,45,0.00,0.00
6231,"C/ San Isidre, 25",5739,10,7.29,63.11
6231,"C/ San Isidre, 25",5739,11,34.63,38.24
6231,"C/ San Isidre, 25",5739,13,0.00,0.00
6231,"C/ San Isidre, 25",5739,14,77.98,121.84
6231,"C/ San Isidre, 25",5739,15,160.84,69.98
6231,"C/ San Isidre, 25",5739,20,39.87,26.65
6231,"C/ San Isidre, 25",5739,21,9.24,1.73
6231,"C/ San Isidre, 25",5739,22,253.16,79.72
6231,"C/ San Isidre, 25",5739,23,637.53,52.45
6231,"C/ San Isidre, 25",5739,24,0.00,23.83
6231,"C/ San Isidre, 25",5739,26,15.11,4.01
6231,"C/ San Isidre, 25",5739,30,0.00,0.00
6231,"C/ San Isidre, 25",5739,31,1.06,0.00
6231,"C/ San Isidre, 25",5739,32,0.00,0.00
6231,"C/ San Isidre, 25",5739,33,0.00,0.00
6231,"C/ San Isidre, 25",5739,34,0.00,0.00
6231,"C/ San Isidre, 25",5739,35,0.00,0.00
6231,"C/ San Isidre, 25",5739,44,0.00,0.00
6232,"C/ del Poeta Costa i Llobera, 121",5740,10,18.41,69.12
6232,"C/ del Poeta Costa i Llobera, 121",5740,11,13.24,52.26
6232,"C/ del Poeta Costa i Llobera, 121",5740,14,36.29,107.25
6232,"C/ del Poeta Costa i Llobera, 121",5740,15,539.67,60.76
6232,"C/ del Poeta Costa i Llobera, 121",5740,20,12.33,11.80
6232,"C/ del Poeta Costa i Llobera, 121",5740,21,20.36,3.12
6232,"C/ del Poeta Costa i Llobera, 121",5740,22,618.98,43.36
6232,"C/ del Poeta Costa i Llobera, 121",5740,23,179.86,175.17
6232,"C/ del Poeta Costa i Llobera, 121",5740,24,207.85,13.42
6232,"C/ del Poeta Costa i Llobera, 121",5740,26,46.66,12.03
6232,"C/ del Poeta Costa i Llobera, 121",5740,30,0.00,0.00
6232,"C/ del Poeta Costa i Llobera, 121",5740,31,2.58,0.00
6232,"C/ del Poeta Costa i Llobera, 121",5740,32,0.00,0.00
6232,"C/ del Poeta Costa i Llobera, 121",5740,33,0.00,0.00
6232,"C/ del Poeta Costa i Llobera, 121",5740,34,0.00,0.00
6232,"C/ del Poeta Costa i Llobera, 121",5740,35,0.00,0.00
6232,"C/ del Poeta Costa i Llobera, 121",5740,41,0.00,0.00
6232,"C/ del Poeta Costa i Llobera, 121",5740,43,0.00,0.00
6232,"C/ del Poeta Costa i Llobera, 121",5740,44,0.00,0.00
6234,"Rambla de Sant Joan, 105",5742,10,19.90,36.78
6234,"Rambla de Sant Joan, 105",5742,11,5.10,33.40
6234,"Rambla de Sant Joan, 105",5742,14,341.71,79.64
6234,"Rambla de Sant Joan, 105",5742,15,971.78,56.94
6234,"Rambla de Sant Joan, 105",5742,20,54.68,12.98
6234,"Rambla de Sant Joan, 105",5742,21,22.42,2.96
6234,"Rambla de Sant Joan, 105",5742,22,4942.82,57.17
6234,"Rambla de Sant Joan, 105",5742,23,298.84,50.10
6234,"Rambla de Sant Joan, 105",5742,24,139.86,1.30
6234,"Rambla de Sant Joan, 105",5742,26,282.20,5.21
6234,"Rambla de Sant Joan, 105",5742,30,0.00,0.00
6234,"Rambla de Sant Joan, 105",5742,31,1.59,0.00
6234,"Rambla de Sant Joan, 105",5742,32,0.00,0.00
6234,"Rambla de Sant Joan, 105",5742,33,0.00,0.00
6234,"Rambla de Sant Joan, 105",5742,34,0.00,0.00
6234,"Rambla de Sant Joan, 105",5742,35,0.00,0.00
6246,"C/ Panama, 10",5753,10,57.73,68.34
6246,"C/ Panama, 10",5753,11,14.50,87.17
6246,"C/ Panama, 10",5753,14,195.72,124.68
6246,"C/ Panama, 10",5753,15,1270.16,86.32
6246,"C/ Panama, 10",5753,20,277.97,17.59
6246,"C/ Panama, 10",5753,21,49.79,3.97
6246,"C/ Panama, 10",5753,22,804.10,97.30
6246,"C/ Panama, 10",5753,23,743.16,67.99
6246,"C/ Panama, 10",5753,24,107.80,8.24
6246,"C/ Panama, 10",5753,26,69.66,15.90
6246,"C/ Panama, 10",5753,30,0.00,0.00
6246,"C/ Panama, 10",5753,31,0.00,0.00
6246,"C/ Panama, 10",5753,32,0.00,0.00
6246,"C/ Panama, 10",5753,33,0.00,0.00
6246,"C/ Panama, 10",5753,34,6.35,0.00
6246,"C/ Panama, 10",5753,45,0.00,0.00
6246,"C/ Panama, 10",5753,62,0.00,0.00
6246,"C/ Panama, 10",5753,63,0.00,0.00
6246,"C/ Panama, 10",5753,64,0.00,0.00
6255,"C/ Mayor Baja, 13",5760,10,63.17,27.06
6255,"C/ Mayor Baja, 13",5760,11,8.71,36.63
6255,"C/ Mayor Baja, 13",5760,14,158.36,43.09
6255,"C/ Mayor Baja, 13",5760,15,1051.44,29.11
6255,"C/ Mayor Baja, 13",5760,20,97.21,11.06
6255,"C/ Mayor Baja, 13",5760,21,0.00,16.50
6255,"C/ Mayor Baja, 13",5760,22,398.39,43.37
6255,"C/ Mayor Baja, 13",5760,23,192.01,47.70
6255,"C/ Mayor Baja, 13",5760,24,111.58,32.35
6255,"C/ Mayor Baja, 13",5760,26,61.78,12.60
6255,"C/ Mayor Baja, 13",5760,30,0.00,0.00
6255,"C/ Mayor Baja, 13",5760,31,0.00,0.00
6255,"C/ Mayor Baja, 13",5760,32,0.00,0.00
6255,"C/ Mayor Baja, 13",5760,33,0.00,0.00
6255,"C/ Mayor Baja, 13",5760,34,29.21,0.00
6255,"C/ Mayor Baja, 13",5760,35,0.00,0.00
6255,"C/ Mayor Baja, 13",5760,41,0.00,0.00
6255,"C/ Mayor Baja, 13",5760,45,0.00,0.00
6255,"C/ Mayor Baja, 13",5760,60,0.00,0.00
6255,"C/ Mayor Baja, 13",5760,61,0.00,0.00
6255,"C/ Mayor Baja, 13",5760,62,0.00,0.00
6255,"C/ Mayor Baja, 13",5760,63,0.00,0.00
6255,"C/ Mayor Baja, 13",5760,64,0.00,0.00
6255,"C/ Mayor Baja, 13",5760,65,0.00,0.00
6255,"C/ Mayor Baja, 13",5760,67,0.00,0.00
6266,"Plaza Anteiglesia, 5, Bajo",5770,10,113.01,34.49
6266,"Plaza Anteiglesia, 5, Bajo",5770,11,56.61,34.60
6266,"Plaza Anteiglesia, 5, Bajo",5770,14,81.67,75.27
6266,"Plaza Anteiglesia, 5, Bajo",5770,15,822.08,50.35
6266,"Plaza Anteiglesia, 5, Bajo",5770,20,151.51,14.12
6266,"Plaza Anteiglesia, 5, Bajo",5770,21,17.61,4.44
6266,"Plaza Anteiglesia, 5, Bajo",5770,22,616.90,31.80
6266,"Plaza Anteiglesia, 5, Bajo",5770,23,262.10,60.68
6266,"Plaza Anteiglesia, 5, Bajo",5770,24,725.80,8.58
6266,"Plaza Anteiglesia, 5, Bajo",5770,26,10.41,1.22
6266,"Plaza Anteiglesia, 5, Bajo",5770,30,0.00,0.00
6266,"Plaza Anteiglesia, 5, Bajo",5770,31,2.44,0.00
6266,"Plaza Anteiglesia, 5, Bajo",5770,32,0.00,0.00
6266,"Plaza Anteiglesia, 5, Bajo",5770,33,0.00,0.00
6266,"Plaza Anteiglesia, 5, Bajo",5770,34,10.54,0.00
6287,"Calle Antonio Lopez,37",5790,10,6.57,27.13
6287,"Calle Antonio Lopez,37",5790,11,9.92,33.61
6287,"Calle Antonio Lopez,37",5790,14,24.45,55.26
6287,"Calle Antonio Lopez,37",5790,15,132.26,44.02
6287,"Calle Antonio Lopez,37",5790,20,20.57,8.35
6287,"Calle Antonio Lopez,37",5790,21,9291.61,3.39
6287,"Calle Antonio Lopez,37",5790,22,454.00,28.43
6287,"Calle Antonio Lopez,37",5790,23,554.08,28.46
6287,"Calle Antonio Lopez,37",5790,24,253.07,4.03
6287,"Calle Antonio Lopez,37",5790,26,66.55,4.75
6287,"Calle Antonio Lopez,37",5790,30,0.00,0.00
6287,"Calle Antonio Lopez,37",5790,31,1.73,0.00
6287,"Calle Antonio Lopez,37",5790,34,0.00,0.00
6287,"Calle Antonio Lopez,37",5790,45,0.00,0.00
6288,"Calle Ercilla, 21",5791,10,0.85,13.29
6288,"Calle Ercilla, 21",5791,11,0.00,16.69
6288,"Calle Ercilla, 21",5791,14,367.77,30.54
6288,"Calle Ercilla, 21",5791,15,36.40,24.20
6288,"Calle Ercilla, 21",5791,20,2.67,3.93
6288,"Calle Ercilla, 21",5791,21,0.00,0.67
6288,"Calle Ercilla, 21",5791,22,90.61,21.92
6288,"Calle Ercilla, 21",5791,23,189.87,15.79
6288,"Calle Ercilla, 21",5791,24,174.42,2.63
6288,"Calle Ercilla, 21",5791,26,14.09,3.20
6288,"Calle Ercilla, 21",5791,30,0.00,0.00
6288,"Calle Ercilla, 21",5791,31,1.48,0.00
6288,"Calle Ercilla, 21",5791,32,0.00,0.00
6288,"Calle Ercilla, 21",5791,33,0.00,0.00
6288,"Calle Ercilla, 21",5791,34,0.00,0.00
6288,"Calle Ercilla, 21",5791,45,0.00,0.00
6288,"Calle Ercilla, 21",5791,62,0.00,0.00
6289,"Avda de Brasil, 8",5792,10,3.78,21.76
6289,"Avda de Brasil, 8",5792,11,1.07,23.79
6289,"Avda de Brasil, 8",5792,14,80.57,45.67
6289,"Avda de Brasil, 8",5792,15,56.93,27.28
6289,"Avda de Brasil, 8",5792,20,0.00,6.94
6289,"Avda de Brasil, 8",5792,21,0.00,0.99
6289,"Avda de Brasil, 8",5792,22,108.56,36.45
6289,"Avda de Brasil, 8",5792,23,134.05,19.89
6289,"Avda de Brasil, 8",5792,24,0.00,3.86
6289,"Avda de Brasil, 8",5792,26,6.51,9.34
6289,"Avda de Brasil, 8",5792,30,0.00,0.00
6289,"Avda de Brasil, 8",5792,31,2.09,0.00
6289,"Avda de Brasil, 8",5792,32,0.00,0.00
6289,"Avda de Brasil, 8",5792,33,0.00,0.00
6289,"Avda de Brasil, 8",5792,34,0.00,0.00
6289,"Avda de Brasil, 8",5792,35,0.00,0.00
6289,"Avda de Brasil, 8",5792,62,0.00,0.00
6289,"Avda de Brasil, 8",5792,63,0.00,0.00
6289,"Avda de Brasil, 8",5792,64,0.00,0.00
6290,"Av Pi i Maragall, 53",5793,10,0.00,2.64
6290,"Av Pi i Maragall, 53",5793,11,0.00,3.99
6290,"Av Pi i Maragall, 53",5793,14,8.56,5.97
6290,"Av Pi i Maragall, 53",5793,15,6.56,4.45
6290,"Av Pi i Maragall, 53",5793,20,0.00,0.75
6290,"Av Pi i Maragall, 53",5793,21,0.00,0.18
6290,"Av Pi i Maragall, 53",5793,22,0.00,2.04
6290,"Av Pi i Maragall, 53",5793,23,27.98,2.69
6290,"Av Pi i Maragall, 53",5793,24,0.00,0.37
6290,"Av Pi i Maragall, 53",5793,26,0.00,0.16
6290,"Av Pi i Maragall, 53",5793,30,0.00,0.00
6290,"Av Pi i Maragall, 53",5793,31,0.58,0.00
6290,"Av Pi i Maragall, 53",5793,33,0.00,0.00
6290,"Av Pi i Maragall, 53",5793,34,0.00,0.00
CODIGO,,0,Seccion,0.00,0.00
